Workbook

Sheet สรุปมัดจำอะไหล่ N 67
A1: บริษัท เอกสหกรุ๊ป ออโตโมบิล จำกัด
A2: ณ วันที่ 31 ธันวาคม 2567
A3: ลำดับ | B3: ชื่อลูกค้า | C3: เลขที่มัดจำ | D3: วันที่ | E3: จำนวนเงิน
A4: 1 | B4: กมลรส ขุนพล | C4: 6TB-24050108 | D4: 243767 | E4: -3673.84
A5: 2 | B5: กฤตติกา จงเจริญ | C5: NTB-24010001 | D5: 243622 | E5: -3000
A6: 3 | B6: กฤษณนันท์ นันจรูญ | C6: 3TM-24120033 | D6: 243980 | E6: -828.97
A7: 4 | B7: กันต์ ทิพย์อาภรณ์ | C7: NTB-24070001 | D7: 243802 | E7: -2000
A8: 5 | B8: กานต์ สนิทจันทร์ | C8: 5TM-24120031 | D8: 243979 | E8: -810.28
A9: 6 | B9: กิจการ เต้นท์ รถสวย | C9: 5TB-24030277 | D9: 243706 | E9: -299.6
A10: 7 | B10: กุลนิดา มั่งประยูร | C10: 5TB-24070274 | D10: 243824 | E10: -17300
A11: 8 | B11: เกียรติศักดิ์ นาแก้ว | C11: 6TM-24120019 | D11: 243980 | E11: -18691.59
A12: 9 | B12: คำนวณ เถาวว์ชาลี | C12: 3TV-24120024 | D12: 243976 | E12: -1110
A13: 10 | B13: จารุวัฒน์ สุขวรรณ | C13: 3TV-24120014 | D13: 243967 | E13: -2515
A14: 11 | B14: จิตรพร กิจประยูร | C14: 3TB-24070376 | D14: 243830 | E14: -2418.75
A15: 12 | B15: จิราภา อุดมศิลป์ | C15: NTB-24060001 | D15: 243775 | E15: -2000
... A66: 63 | B66: เอื้อมพร เชาว์ทองหลาง | C66: 3TV-24090013 | D66: 243872 | E66: -952.3
A67: ยอดรวมทั้งหมด | E67: -148491.71

Sheet Sheet5
A1: Row Labels | B1: Sum of สถานะ
A2: ANDREAS MERTENS | B2: 0
A3: ANITA CALEBAG LAPPAY | B3: 0
A4: CYNTHIA CABALQUINTO | B4: 0
A5: FRANCESCO CACIOPPO | B5: 0
A6: SE0KHee LEE | B6: 0
A7: SEOKHEE LEE | B7: 0
A8: Urs Zimmermann | B8: 0
A9: กชวรรณ ตรีช่วย | B9: 0
A10: กตัญญ แฟกกระโทก | B10: 0
A11: กนกพร เลียวนรเศรษฐ | B11: 0
A12: กนกวรรณ ขันพุดซา | B12: 0
A13: กนกวรรณ ชัยเครือ | B13: 0
... A923: 6TB-24060079 | B923: 0
B924: =SUBTOTAL(9,B2:B923) -> 146934.63

Sheet สรุป 67
A3: Row Labels | B3: Sum of สถานะ
A4: ANDREAS MERTENS | B4: 0
A5: ANITA CALEBAG LAPPAY | B5: 0
A6: CYNTHIA CABALQUINTO | B6: 0
A7: FRANCESCO CACIOPPO | B7: 0
A8: SE0KHee LEE | B8: 0
A9: SEOKHEE LEE | B9: 0
A10: Urs Zimmermann | B10: 0
A11: กชวรรณ ตรีช่วย | B11: 0
A12: กตัญญ แฟกกระโทก | B12: 0
A13: กนกพร เลียวนรเศรษฐ | B13: 0
A14: กนกวรรณ ขันพุดซา | B14: 0
A15: กนกวรรณ ชัยเครือ | B15: 0
... A928: Grand Total | B928: -1557.08

Sheet คืน 67
A1: Row Labels | B1: Sum of สถานะ
A2: จุฑามาศ จิตกระโทก | B2: 232.19 | C2: {=_xlfn.XLOOKUP(A2,'66 รับ'!A:A,'66 รับ'!A:A,'66 รับ'!A:A,)} -> จุฑามาศ จิตกระโทก
A3: ชนคร ขันธสม | B3: 3500 | C3: {=_xlfn.XLOOKUP(A3,'66 รับ'!A:A,'66 รับ'!A:A,'66 รับ'!A:A,)} -> ชนคร ขันธสม
A4: ชำนาญ โพธิรัชน์ | B4: 96.3 | C4: {=_xlfn.XLOOKUP(A4,'66 รับ'!A:A,'66 รับ'!A:A,'66 รับ'!A:A,)} -> ชำนาญ โพธิรัชน์
A5: ชิดชัย ประจิตร | B5: 3775 | C5: {=_xlfn.XLOOKUP(A5,'66 รับ'!A:A,'66 รับ'!A:A,'66 รับ'!A:A,)} -> ชิดชัย ประจิตร
A6: ชูศักดิ์ พัดทะเล | B6: 727.6 | C6: {=_xlfn.XLOOKUP(A6,'66 รับ'!A:A,'66 รับ'!A:A,'66 รับ'!A:A,)} -> ชูศักดิ์ พัดทะเล
A7: ณัฎรดา ทวดอาจ | B7: 2500 | C7: {=_xlfn.XLOOKUP(A7,'66 รับ'!A:A,'66 รับ'!A:A,'66 รับ'!A:A,)} -> #VALUE!
A8: ดอน วัสขุนทด | B8: 1304.06 | C8: {=_xlfn.XLOOKUP(A8,'66 รับ'!A:A,'66 รับ'!A:A,'66 รับ'!A:A,)} -> ดอน วัสขุนทด
A9: ทักษิณ ประเสริฐผล | B9: 1917.98 | C9: {=_xlfn.XLOOKUP(A9,'66 รับ'!A:A,'66 รับ'!A:A,'66 รับ'!A:A,)} -> ทักษิณ ประเสริฐผล
A10: ทันตพงษ์ ต้นสกุล | B10: 17000 | C10: {=_xlfn.XLOOKUP(A10,'66 รับ'!A:A,'66 รับ'!A:A,'66 รับ'!A:A,)} -> ทันตพงษ์ ต้นสกุล
A11: ทิวา หารประชุม | B11: 770.4 | C11: {=_xlfn.XLOOKUP(A11,'66 รับ'!A:A,'66 รับ'!A:A,'66 รับ'!A:A,)} -> ทิวา หารประชุม
A12: นพดล พึ่งเกาะ | B12: 975 | C12: {=_xlfn.XLOOKUP(A12,'66 รับ'!A:A,'66 รับ'!A:A,'66 รับ'!A:A,)} -> นพดล พึ่งเกาะ
A13: บจ.สูงเนินรวมรถ | B13: 1093.01 | C13: {=_xlfn.XLOOKUP(A13,'66 รับ'!A:A,'66 รับ'!A:A,'66 รับ'!A:A,)} -> บจ.สูงเนินรวมรถ
... A52: โอยยิ้น แซ่โต๋ว | B52: 7366.95 | C52: {=_xlfn.XLOOKUP(A52,'66 รับ'!A:A,'66 รับ'!A:A,'66 รับ'!A:A,)} -> #VALUE!
B53: 146934.63 | C53: {=_xlfn.XLOOKUP(A53,'66 รับ'!A:A,'66 รับ'!A:A,'66 รับ'!A:A,)} -> 0

Sheet Sheet6
A1: สรุปมัดจำอะไหล่ เอกสหกรุ๊ป ออโตโมบิล
A2: ยอดในงบ 67 | B2: ยอดปี 67 | C2: ยอดปี 66 | D2: ยอดขอปรับ
A3: 420899.89 | B3: 148491.71 | C3: -64242.83 | D3: =A3-B3 -> 272408.18
A6: สรุปลูกหนี้ เอกสหกรุ๊ป ออโตโมบิล
A7: ยอดในงบ 67 | B7: ยอดปี 67 | C7: ยอดขอปรับ
A8: 8882169.2 | B8: 7796435.1 | C8: =A8-B8 -> 1085734.2

Sheet มัดจำอะไหล่ 67
A1: วันที่ | B1: ขาย | C1: รายละเอียด | D1: ชื่อ | E1: ชื่อลูกค้า | F1: เลขที่ | G1: เดบิต | H1: เครดิต | I1: สถานะ | J1: ยอดคงเหลือ | K1: -418078.64
A2: 243619 | B2: รับ | C2: RVSR6701-001 | D2: นพคุณ สุขรักษาวงษ์ 3TB-23120404 | E2: นพคุณ สุขรักษาวงษ์ | F2: 3TB-23120404 | H2: 13000 | I2: =G2-H2 -> -13000 | J2: -431078.64 | K2: =+K1+G2-H2 -> -431078.64
A3: 243621 | B3: รับ | C3: RVSH6701-002 | D3: นพดล พึ่งเกาะ 5TB-23120247 | E3: นพดล พึ่งเกาะ | F3: 5TB-23120247 | G3: 975 | I3: =G3-H3 -> 975 | J3: -430103.64 | K3: =+K2+G3-H3 -> -430103.64
A4: 243621 | B4: รับ | C4: RVSS6701-001 | D4: อจลญา พิกุลแก้ว 1TB-23110015 | E4: อจลญา พิกุลแก้ว | F4: 1TB-23110015 | G4: 6700 | I4: =G4-H4 -> 6700 | J4: -423403.64 | K4: =+K3+G4-H4 -> -423403.64
A5: 243621 | B5: รับ | C5: RVSS6701-001 | D5: ไพโรจน์ ปาเกลือ 1TB-23120006 | E5: ไพโรจน์ ปาเกลือ | F5: 1TB-23120006 | G5: 3000 | I5: =G5-H5 -> 3000 | J5: -420403.64 | K5: =+K4+G5-H5 -> -420403.64
A6: 243621 | B6: รับ | C6: RVSS6701-001 | D6: มนตรี ศรีเพ็ชร์ 1TB-24010003 | E6: มนตรี ศรีเพ็ชร์ | F6: 1TB-24010003 | H6: 5000 | I6: =G6-H6 -> -5000 | J6: -425403.64 | K6: =+K5+G6-H6 -> -425403.64
A7: 243621 | B7: รับ | C7: RVSS6701-001 | D7: บจ.เค.พี.เจนเนอเรชั่น กรุ๊ป 1TB-24010004 | E7: บจ.เค.พี.เจนเนอเรชั่น กรุ๊ป | F7: 1TB-24010004 | H7: 2000 | I7: =G7-H7 -> -2000 | J7: -427403.64 | K7: =+K6+G7-H7 -> -427403.64
A8: 243622 | B8: รับ | C8: RVSN6701-001 | D8: ณัฎรดา ทวดอาจ NTB-23110001 | E8: ณัฎรดา ทวดอาจ | F8: NTB-23110001 | G8: 2500 | I8: =G8-H8 -> 2500 | J8: -424903.64 | K8: =+K7+G8-H8 -> -424903.64
A9: 243622 | B9: รับ | C9: RVSN6701-001 | D9: กฤตติกา จงเจริญ NTB-24010001 | E9: กฤตติกา จงเจริญ | F9: NTB-24010001 | H9: 3000 | I9: =G9-H9 -> -3000 | J9: -427903.64 | K9: =+K8+G9-H9 -> -427903.64
A10: 243622 | B10: รับ | C10: RVSP6701-003 | D10: นงลักษณ์ อุทัย 6TB-24010006 | E10: นงลักษณ์ อุทัย | F10: 6TB-24010006 | H10: 20000 | I10: =G10-H10 -> -20000 | J10: -447903.64 | K10: =+K9+G10-H10 -> -447903.64
A11: 243622 | B11: รับ | C11: RVSR6701-003 | D11: บดินทร์ ยางราชย์ 3TB-24010001 | E11: บดินทร์ ยางราชย์ | F11: 3TB-24010001 | H11: 224.7 | I11: =G11-H11 -> -224.7 | J11: -448128.34 | K11: =+K10+G11-H11 -> -448128.34
A12: 243622 | B12: รับ | C12: RVSR6701-003 | D12: ณัฐวุฒิ โอสระคู 3TB-24010009 | E12: ณัฐวุฒิ โอสระคู | F12: 3TB-24010009 | H12: 652.7 | I12: =G12-H12 -> -652.7 | J12: -448781.04 | K12: =+K11+G12-H12 -> -448781.04
A13: 243623 | B13: รับ | C13: RVSH6701-003 | D13: ดอน วัสขุนทด 5TB-231202160 | E13: ดอน วัสขุนทด | F13: 5TB-231202160 | G13: 1304.06 | I13: =G13-H13 -> 1304.06 | J13: -447476.98 | K13: =+K12+G13-H13 -> -447476.98
A14: 243623 | B14: รับ | C14: RVSH6701-003 | D14: ฐานุตรี หนูกระโทก 5TB-24010001 | E14: ฐานุตรี หนูกระโทก | F14: 5TB-24010001 | H14: 3860.03 | I14: =G14-H14 -> -3860.03 | J14: -451337.01 | K14: =+K13+G14-H14 -> -451337.01
A15: 243623 | B15: รับ | C15: RVSH6701-004 | D15: มานิต ก่ำพิมาย 5TB-23120272 | E15: มานิต ก่ำพิมาย | F15: 5TB-23120272 | G15: 6663.75 | I15: =G15-H15 -> 6663.75 | J15: -444673.26 | K15: =+K14+G15-H15 -> -444673.26
A16: 243623 | B16: รับ | C16: RVSH6701-004 | D16: สมศักดิ์ น้อยแสง 5TB-24010020 | E16: สมศักดิ์ น้อยแสง | F16: 5TB-24010020 | H16: 7687.95 | I16: =G16-H16 -> -7687.95 | J16: -452361.21 | K16: =+K15+G16-H16 -> -452361.21
A17: 243623 | B17: รับ | C17: RVSH6701-004 | D17: กุหลาบ ช่วยพิมาย 5TB-24010038 | E17: กุหลาบ ช่วยพิมาย | F17: 5TB-24010038 | H17: 11688.68 | I17: =G17-H17 -> -11688.68 | J17: -464049.89 | K17: =+K16+G17-H17 -> -464049.89
A18: 243623 | B18: รับ | C18: RVSP6701-004 | D18: เสกสิทธิ์ สมม่วง 6TB-24010009 | E18: เสกสิทธิ์ สมม่วง | F18: 6TB-24010009 | H18: 1800 | I18: =G18-H18 -> -1800 | J18: -465849.89 | K18: =+K17+G18-H18 -> -465849.89
A19: 243623 | B19: รับ | C19: RVSR6701-004 | D19: ประภาพรรณ เนาวเพ็ชร์ 3TB-23120392 | E19: ประภาพรรณ เนาวเพ็ชร์ | F19: 3TB-23120392 | G19: 973.7 | I19: =G19-H19 -> 973.7 | J19: -464876.19 | K19: =+K18+G19-H19 -> -464876.19
A20: 243624 | B20: รับ | C20: RVSH6701-005 | D20: วิฑูรย์ ทองทา 5TB-24010052 | E20: วิฑูรย์ ทองทา | F20: 5TB-24010052 | G20: 326 | I20: =G20-H20 -> 326 | J20: -464550.19 | K20: =+K19+G20-H20 -> -464550.19
A21: 243624 | B21: รับ | C21: RVSH6701-005 | D21: กุหลาบ ช่วยพิมาย 5TB-24010038 | E21: กุหลาบ ช่วยพิมาย | F21: 5TB-24010038 | G21: 11688.68 | I21: =G21-H21 -> 11688.68 | J21: -452861.51 | K21: =+K20+G21-H21 -> -452861.51
A22: 243624 | B22: รับ | C22: RVSH6701-005 | D22: วิฑูรย์ ทองทา 5TB-24010053 | E22: วิฑูรย์ ทองทา | F22: 5TB-24010053 | H22: 326.35 | I22: =G22-H22 -> -326.35 | J22: -453187.86 | K22: =+K21+G22-H22 -> -453187.86
A23: 243624 | B23: รับ | C23: RVSH6701-005 | D23: วิฑูรย์ ทองทา 5TB-24010052 | E23: วิฑูรย์ ทองทา | F23: 5TB-24010052 | H23: 326 | I23: =G23-H23 -> -326 | J23: -453513.86 | K23: =+K22+G23-H23 -> -453513.86
A24: 243624 | B24: รับ | C24: RVSR6701-005 | D24: หจก.วีระพลออโต้เซอร์วิส 3TB-24010027 | E24: หจก.วีระพลออโต้เซอร์วิส | F24: 3TB-24010027 | H24: 4700 | I24: =G24-H24 -> -4700 | J24: -458213.86 | K24: =+K23+G24-H24 -> -458213.86
A25: 243624 | B25: รับ | C25: RVSR6701-005 | D25: อดิศักดิ์ แสงนาค 3TB-24010037 | E25: อดิศักดิ์ แสงนาค | F25: 3TB-24010037 | H25: 4400 | I25: =G25-H25 -> -4400 | J25: -462613.86 | K25: =+K24+G25-H25 -> -462613.86
A26: 243624 | B26: รับ | C26: RVSR6701-005 | D26: จักรกฤษณ์ กิจสมชีพ 3TB-24010038 | E26: จักรกฤษณ์ กิจสมชีพ | F26: 3TB-24010038 | H26: 492.2 | I26: =G26-H26 -> -492.2 | J26: -463106.06 | K26: =+K25+G26-H26 -> -463106.06
A27: 243624 | B27: รับ | C27: RVSR6701-005 | D27: อินทิชา บุญชิต 3TB-24010041 | E27: อินทิชา บุญชิต | F27: 3TB-24010041 | H27: 144.45 | I27: =G27-H27 -> -144.45 | J27: -463250.51 | K27: =+K26+G27-H27 -> -463250.51
A28: 243624 | B28: รับ | C28: RVSR6701-006 | D28: บดินทร์ ยางราชย์ 3TB-24010001 | E28: บดินทร์ ยางราชย์ | F28: 3TB-24010001 | G28: 224.7 | I28: =G28-H28 -> 224.7 | J28: -463025.81 | K28: =+K27+G28-H28 -> -463025.81
A29: 243625 | B29: รับ | C29: RVSH6701-006 | D29: ชิดชัย ประจิตร 5TB-23120273 | E29: ชิดชัย ประจิตร | F29: 5TB-23120273 | G29: 1885 | I29: =G29-H29 -> 1885 | J29: -461140.81 | K29: =+K28+G29-H29 -> -461140.81
A30: 243625 | B30: รับ | C30: RVSH6701-006 | D30: ชิดชัย ประจิตร 5TB-23120275 | E30: ชิดชัย ประจิตร | F30: 5TB-23120275 | G30: 1890 | I30: =G30-H30 -> 1890 | J30: -459250.81 | K30: =+K29+G30-H30 -> -459250.81
A31: 243625 | B31: รับ | C31: RVSP6701-006 | D31: อาคม เกิดในแก้ว 6TB-24010028 | E31: อาคม เกิดในแก้ว | F31: 6TB-24010028 | H31: 1872.5 | I31: =G31-H31 -> -1872.5 | J31: -461123.31 | K31: =+K30+G31-H31 -> -461123.31
A32: 243625 | B32: รับ | C32: RVSR6701-007 | D32: รัตนาภรณ์ รัตนเพช 3TB-23120411 | E32: รัตนาภรณ์ รัตนเพช | F32: 3TB-23120411 | G32: 3000 | I32: =G32-H32 -> 3000 | J32: -458123.31 | K32: =+K31+G32-H32 -> -458123.31
A33: 243627 | B33: รับ | C33: RVSH6701-007 | D33: ประชา มุ่งยอดกลาง 5TB-23110348 | E33: ประชา มุ่งยอดกลาง | F33: 5TB-23110348 | G33: 347.75 | I33: =G33-H33 -> 347.75 | J33: -457775.56 | K33: =+K32+G33-H33 -> -457775.56
A34: 243627 | B34: รับ | C34: RVSH6701-007 | D34: ฐานุตรี หนุกระโทก 5TB-24010007 | E34: ฐานุตรี หนูกระโทก | F34: 5TB-24010007 | G34: 3860.03 | I34: =G34-H34 -> 3860.03 | J34: -453915.53 | K34: =+K33+G34-H34 -> -453915.53
A35: 243627 | B35: รับ | C35: RVSH6701-007 | D35: ธนาเทพ ศรียางนอก (ร้านเทพทอง) 5TB-24010082 | E35: ธนาเทพ ศรียางนอก (ร้านเทพทอง) | F35: 5TB-24010082 | H35: 3222 | I35: =G35-H35 -> -3222 | J35: -457137.53 | K35: =+K34+G35-H35 -> -457137.53
A36: 243627 | B36: รับ | C36: RVSH6701-007 | D36: เศรษฐวฒน์ แย้มทะเล 5TB-24010078 | E36: เศรษฐวฒน์ แย้มทะเล | F36: 5TB-24010078 | H36: 5770 | I36: =G36-H36 -> -5770 | J36: -462907.53 | K36: =+K35+G36-H36 -> -462907.53
A37: 243627 | B37: รับ | C37: RVSH6701-007 | D37: เกียรติศักดิ์ รัตนะวงศะวัต 5TB-24010077 | E37: เกียรติศักดิ์ รัตนะวงศะวัต | F37: 5TB-24010077 | H37: 321 | I37: =G37-H37 -> -321 | J37: -463228.53 | K37: =+K36+G37-H37 -> -463228.53
A38: 243627 | B38: รับ | C38: RVSR6701-008 | D38: หจก.วีระพลออโต้เซอร์วิส 3TB-24010027 | E38: หจก.วีระพลออโต้เซอร์วิส | F38: 3TB-24010027 | G38: 4700 | I38: =G38-H38 -> 4700 | J38: -458528.53 | K38: =+K37+G38-H38 -> -458528.53
A39: 243627 | B39: รับ | C39: RVSR6701-008 | D39: สุเทพ ไกรกลาง 3TB-24010111 | E39: สุเทพ ไกรกลาง | F39: 3TB-24010111 | H39: 13524.8 | I39: =G39-H39 -> -13524.8 | J39: -472053.33 | K39: =+K38+G39-H39 -> -472053.33
A40: 243627 | B40: รับ | C40: RVSR6701-008 | D40: พิสมร แก้วสำราญ 3TB-24010119 | E40: พิสมร แก้วสำราญ | F40: 3TB-24010119 | H40: 9000 | I40: =G40-H40 -> -9000 | J40: -481053.33 | K40: =+K39+G40-H40 -> -481053.33
A41: 243627 | B41: รับ | C41: RVSR6701-008 | D41: นันทชัย ฉ่ำบุญทา 3TB-24010123 | E41: นันทชัย ฉ่ำบุญทา | F41: 3TB-24010123 | H41: 5530.83 | I41: =G41-H41 -> -5530.83 | J41: -486584.16 | K41: =+K40+G41-H41 -> -486584.16
A42: 243627 | B42: รับ | C42: RVSR6701-008 | D42: วัลภา พัวพันธ์ 3TB-24010126 | E42: วัลภา พัวพันธ์ | F42: 3TB-24010126 | H42: 2958.02 | I42: =G42-H42 -> -2958.02 | J42: -489542.18 | K42: =+K41+G42-H42 -> -489542.18
A43: 243627 | B43: รับ | C43: RVSR6701-008 | D43: กาญจนา ใจทหาร 3TB-24010128 | E43: กาญจนา ใจทหาร | F43: 3TB-24010128 | H43: 2352.4 | I43: =G43-H43 -> -2352.4 | J43: -491894.58 | K43: =+K42+G43-H43 -> -491894.58
A44: 243627 | B44: รับ | C44: RVSR6701-009 | D44: วราภรณ์ วันสุดล 3TB-23120335 | E44: วราภรณ์ วันสุดล | F44: 3TB-23120335 | G44: 2660.29 | I44: =G44-H44 -> 2660.29 | J44: -489234.29 | K44: =+K43+G44-H44 -> -489234.29
A45: 243627 | B45: รับ | C45: RVSR6701-009 | D45: สุชาติ สุริยคณารัตน์ 3TB-24010114 | E45: สุชาติ สุริยคณารัตน์ | F45: 3TB-24010114 | H45: 1967.2 | I45: =G45-H45 -> -1967.2 | J45: -491201.49 | K45: =+K44+G45-H45 -> -491201.49
A46: 243628 | B46: รับ | C46: RVSH6701-008 | D46: ปวริศา หวังอุ้มกลาง 5TB-24010098 | E46: ปวริศา หวังอุ้มกลาง | F46: 5TB-24010098 | H46: 1139.55 | I46: =G46-H46 -> -1139.55 | J46: -492341.04 | K46: =+K45+G46-H46 -> -492341.04
A47: 243628 | B47: รับ | C47: RVSP6701-007 | D47: เสกสิทธิ์ สมม่วง 6TB-24010009 | E47: เสกสิทธิ์ สมม่วง | F47: 6TB-24010009 | G47: 1800 | I47: =G47-H47 -> 1800 | J47: -490541.04 | K47: =+K46+G47-H47 -> -490541.04
A48: 243628 | B48: รับ | C48: RVSR6701-010 | D48: ประภัสสร สิงห์อังกุระ 3TB-24010132 | E48: ประภัสสร สิงห์อังกุระ | F48: 3TB-24010132 | H48: 449.4 | I48: =G48-H48 -> -449.4 | J48: -490990.44 | K48: =+K47+G48-H48 -> -490990.44
A49: 243628 | B49: รับ | C49: RVSR6701-010 | D49: ฉวีวรรณ เคยพุดซา 3TB-24010148 | E49: ฉวีวรรณ เคยพุดซา | F49: 3TB-24010148 | H49: 3135.1 | I49: =G49-H49 -> -3135.1 | J49: -494125.54 | K49: =+K48+G49-H49 -> -494125.54
A50: 243628 | B50: รับ | C50: RVSR6701-011 | D50: โอยยิ้น แซ่โต๋ว 3TB-23120338 | E50: โอยยิ้น แซ่โต๋ว | F50: 3TB-23120338 | G50: 7366.95 | I50: =G50-H50 -> 7366.95 | J50: -486758.59 | K50: =+K49+G50-H50 -> -486758.59
A51: 243628 | B51: รับ | C51: RVSR6701-011 | D51: ชำนาญ โพธิรัชน์ 3TB-23120398 | E51: ชำนาญ โพธิรัชน์ | F51: 3TB-23120398 | G51: 96.3 | I51: =G51-H51 -> 96.3 | J51: -486662.29 | K51: =+K50+G51-H51 -> -486662.29
A52: 243628 | B52: รับ | C52: RVSR6701-011 | D52: บจ.สูงเนินรวมรถ 3TB-23120396 | E52: บจ.สูงเนินรวมรถ | F52: 3TB-23120396 | G52: 1093.01 | I52: =G52-H52 -> 1093.01 | J52: -485569.28 | K52: =+K51+G52-H52 -> -485569.28
A53: 243629 | B53: รับ | C53: RVSH6701-009 | D53: วิฑูรย์ ทองทา 5TB-24010053 | E53: วิฑูรย์ ทองทา | F53: 5TB-24010053 | G53: 326.35 | I53: =G53-H53 -> 326.35 | J53: -485242.93 | K53: =+K52+G53-H53 -> -485242.93
A54: 243629 | B54: รับ | C54: RVSH6701-009 | D54: พิชัย นวฤทธิศวิน 5TB-24010105 | E54: พิชัย นวฤทธิ์ศวิน | F54: 5TB-24010105 | H54: 1083.38 | I54: =G54-H54 -> -1083.38 | J54: -486326.31 | K54: =+K53+G54-H54 -> -486326.31
A55: 243629 | B55: รับ | C55: RVSP6701-008 | D55: จานุดา เกษมรัชดากรฑ์ 6TB-24010048 | E55: จานุดา เกษมรัชดากรฑ์ | F55: 6TB-24010048 | H55: 1600 | I55: =G55-H55 -> -1600 | J55: -487926.31 | K55: =+K54+G55-H55 -> -487926.31
A56: 243629 | B56: รับ | C56: RVSR6701-012 | D56: เจตรบุตร บุตรมั่น 3TB-24010155 | E56: เจตรบุตร บุตรมั่น | F56: 3TB-24010155 | H56: 1700 | I56: =G56-H56 -> -1700 | J56: -489626.31 | K56: =+K55+G56-H56 -> -489626.31
A57: 243629 | B57: รับ | C57: RVSR6701-012 | D57: ชัยสิทธิ์ ตนประเสริฐ 3TB-24010165 | E57: ชัยสิทธิ์ ตนประเสริฐ | F57: 3TB-24010165 | H57: 6700 | I57: =G57-H57 -> -6700 | J57: -496326.31 | K57: =+K56+G57-H57 -> -496326.31
A58: 243629 | B58: รับ | C58: RVSR6701-012 | D58: พัฒน์ โพธิ์ทองคำ 3TB-24010166 | E58: พัฒน์ โพธิ์ทองคำ | F58: 3TB-24010166 | H58: 2600.1 | I58: =G58-H58 -> -2600.1 | J58: -498926.41 | K58: =+K57+G58-H58 -> -498926.41
A59: 243629 | B59: รับ | C59: RVSR6701-012 | D59: วิมล อิสริยะวิญญ 3TB-24010172 | E59: วิมล อิสริยะวิญญู | F59: 3TB-24010172 | H59: 17325 | I59: =G59-H59 -> -17325 | J59: -516251.41 | K59: =+K58+G59-H59 -> -516251.41
A60: 243629 | B60: รับ | C60: RVSR6701-013 | D60: อดิศักดิ์ แสงนาค 3TB-24010037 | E60: อดิศักดิ์ แสงนาค | F60: 3TB-24010037 | G60: 4400 | I60: =G60-H60 -> 4400 | J60: -511851.41 | K60: =+K59+G60-H60 -> -511851.41
A61: 243629 | B61: รับ | C61: RVSR6701-013 | D61: นพคุณ สุขรักษาวงษ์ 3TB-23120404 | E61: นพคุณ สุขรักษาวงษ์ | F61: 3TB-23120404 | G61: 13000 | I61: =G61-H61 -> 13000 | J61: -498851.41 | K61: =+K60+G61-H61 -> -498851.41
A62: 243629 | B62: รับ | C62: RVSR6701-013 | D62: สุชาติ สุริยคณารัตน์ 3TB-24010114 | E62: สุชาติ สุริยคณารัตน์ | F62: 3TB-24010114 | G62: 1967.2 | I62: =G62-H62 -> 1967.2 | J62: -496884.21 | K62: =+K61+G62-H62 -> -496884.21
A63: 243629 | B63: รับ | C63: RVSR6701-013 | D63: นันทชัย ฉ่ำบุญทา 3TB-24010123 | E63: นันทชัย ฉ่ำบุญทา | F63: 3TB-24010123 | G63: 5530.83 | I63: =G63-H63 -> 5530.83 | J63: -491353.38 | K63: =+K62+G63-H63 -> -491353.38
A64: 243629 | B64: รับ | C64: RVSR6701-013 | D64: วัลภา พัวพันธ์ 3TB-24010126 | E64: วัลภา พัวพันธ์ | F64: 3TB-24010126 | G64: 2958.02 | I64: =G64-H64 -> 2958.02 | J64: -488395.36 | K64: =+K63+G64-H64 -> -488395.36
A65: 243629 | B65: รับ | C65: RVSR6701-013 | D65: กาญจนา ใจทหาร 3TB-24010128 | E65: กาญจนา ใจทหาร | F65: 3TB-24010128 | G65: 2352.4 | I65: =G65-H65 -> 2352.4 | J65: -486042.96 | K65: =+K64+G65-H65 -> -486042.96
A66: 243629 | B66: รับ | C66: RVSR6701-013 | D66: บรรทัด ถ้ำกลาง 3TB-24010161 | E66: บรรทัด ถ้ำกลาง | F66: 3TB-24010161 | H66: 1500 | I66: =G66-H66 -> -1500 | J66: -487542.96 | K66: =+K65+G66-H66 -> -487542.96
A67: 243630 | B67: รับ | C67: RVSH6701-010 | D67: ธนาเทพ ศรียางนอก (ร้านเทพทอง) 5TB-24010082 | E67: ธนาเทพ ศรียางนอก (ร้านเทพทอง) | F67: 5TB-24010082 | G67: 3222 | I67: =G67-H67 -> 3222 | J67: -484320.96 | K67: =+K66+G67-H67 -> -484320.96
A68: 243630 | B68: รับ | C68: RVSH6701-010 | D68: กนกวรรณ ชัยเครือ 5TB-24010135 | E68: กนกวรรณ ชัยเครือ | F68: 5TB-24010135 | H68: 6403.95 | I68: =G68-H68 -> -6403.95 | J68: -490724.91 | K68: =+K67+G68-H68 -> -490724.91
A69: 243630 | B69: รับ | C69: RVSR6701-014 | D69: วิภา ตั้งจาตุรโสภณ 3TB-24010180 | E69: วิภา ตั้งจาตุรโสภณ | F69: 3TB-24010180 | H69: 1392.34 | I69: =G69-H69 -> -1392.34 | J69: -492117.25 | K69: =+K68+G69-H69 -> -492117.25
A70: 243630 | B70: รับ | C70: RVSR6701-014 | D70: บจ.สีคิ้วรวมรถคาร์เซ็นเตอร์ 3TB-24010181 | E70: บจ.สีคิ้วรวมรถคาร์เซ็นเตอร์ | F70: 3TB-24010181 | H70: 2400 | I70: =G70-H70 -> -2400 | J70: -494517.25 | K70: =+K69+G70-H70 -> -494517.25
A71: 243630 | B71: รับ | C71: RVSR6701-014 | D71: ประเสริฐ ทัดษนนท์ 3TB-24010185 | E71: ประเสริฐ ทัดษนนท์ | F71: 3TB-24010185 | H71: 14862.3 | I71: =G71-H71 -> -14862.3 | J71: -509379.55 | K71: =+K70+G71-H71 -> -509379.55
A72: 243630 | B72: รับ | C72: RVSR6701-015 | D72: ทักษิณ ประเสริฐผล 3TB-23120412 | E72: ทักษิณ ประเสริฐผล | F72: 3TB-23120412 | G72: 1917.98 | I72: =G72-H72 -> 1917.98 | J72: -507461.57 | K72: =+K71+G72-H72 -> -507461.57
A73: 243631 | B73: รับ | C73: RVSH6701-011 | D73: ปวริศา หวังอุ้มกลาง 5TB-24010098 | E73: ปวริศา หวังอุ้มกลาง | F73: 5TB-24010098 | G73: 1139.55 | I73: =G73-H73 -> 1139.55 | J73: -506322.02 | K73: =+K72+G73-H73 -> -506322.02
A74: 243631 | B74: รับ | C74: RVSH6701-011 | D74: เค็น ไค 5TB-24010151 | E74: เค็น ไค | F74: 5TB-24010151 | H74: 1968.8 | I74: =G74-H74 -> -1968.8 | J74: -508290.82 | K74: =+K73+G74-H74 -> -508290.82
A75: 243631 | B75: รับ | C75: RVSR6701-016 | D75: เสนีย์ สุขสาลี 3TB-24010189 | E75: เสนีย์ สุขสาลี | F75: 3TB-24010189 | H75: 1035.23 | I75: =G75-H75 -> -1035.23 | J75: -509326.05 | K75: =+K74+G75-H75 -> -509326.05
A76: 243631 | B76: รับ | C76: RVSR6701-016 | D76: บจ.สูงเนินรวมรถ 3TB-24010197 | E76: บจ.สูงเนินรวมรถ | F76: 3TB-24010197 | H76: 1171.08 | I76: =G76-H76 -> -1171.08 | J76: -510497.13 | K76: =+K75+G76-H76 -> -510497.13
A77: 243631 | B77: รับ | C77: RVSR6701-016 | D77: สงกรานต์ ประจันตะเสน 3TB-24010204 | E77: สงกรานต์ ประจันตะเสน | F77: 3TB-24010204 | H77: 1900 | I77: =G77-H77 -> -1900 | J77: -512397.13 | K77: =+K76+G77-H77 -> -512397.13
A78: 243631 | B78: รับ | C78: RVSR6701-016 | D78: วรรณศิกา ทิมพรหมราช 3TB-24010205 | E78: วรรณศิกา ทิมพรมราช | F78: 3TB-24010205 | H78: 96.3 | I78: =G78-H78 -> -96.3 | J78: -512493.43 | K78: =+K77+G78-H78 -> -512493.43
A79: 243631 | B79: รับ | C79: RVSR6701-016 | D79: บุญช่วย สิงห์โตทอง 3TB-24010210 | E79: บุญช่วย สิงห์โตทอง | F79: 3TB-24010210 | H79: 2981.29 | I79: =G79-H79 -> -2981.29 | J79: -515474.72 | K79: =+K78+G79-H79 -> -515474.72
A80: 243631 | B80: รับ | C80: RVSR6701-017 | D80: บจ.สีคิ้วรวมรถคาร์เซ็นเตอร์ 3TB-24010181 | E80: บจ.สีคิ้วรวมรถคาร์เซ็นเตอร์ | F80: 3TB-24010181 | G80: 2400 | I80: =G80-H80 -> 2400 | J80: -513074.72 | K80: =+K79+G80-H80 -> -513074.72
A81: 243631 | B81: รับ | C81: RVSR6701-017 | D81: สุเทพ ไกรกลาง 3TB-24010111 | E81: สุเทพ ไกรกลาง | F81: 3TB-24010111 | G81: 13524.8 | I81: =G81-H81 -> 13524.8 | J81: -499549.92 | K81: =+K80+G81-H81 -> -499549.92
A82: 243632 | B82: รับ | C82: RVSH6701-012 | D82: ชูศักดิ์ พัดทะเล 5TB-23120308 | E82: ชูศักดิ์ พัดทะเล | F82: 5TB-23120308 | G82: 727.6 | I82: =G82-H82 -> 727.6 | J82: -498822.32 | K82: =+K81+G82-H82 -> -498822.32
A83: 243632 | B83: รับ | C83: RVSH6701-012 | D83: เกียรติศักดิ์ รัตนะวงศะวัต 5TB-24010077 | E83: เกียรติศักดิ์ รัตนะวงศะวัต | F83: 5TB-24010077 | G83: 321 | I83: =G83-H83 -> 321 | J83: -498501.32 | K83: =+K82+G83-H83 -> -498501.32
A84: 243632 | B84: รับ | C84: RVSH6701-012 | D84: ธงชัย พงศ์ธนวัต 5TB-24010154 | E84: ธงชัย พงศ์ธนวัต | F84: 5TB-24010154 | H84: 1484.53 | I84: =G84-H84 -> -1484.53 | J84: -499985.85 | K84: =+K83+G84-H84 -> -499985.85
A85: 243632 | B85: รับ | C85: RVSH6701-012 | D85: ธนาภรณ์ มากชุมแสง 5TB-24010165 | E85: ธนาภรณ์ มากชุมแสง | F85: 5TB-24010165 | H85: 1432 | I85: =G85-H85 -> -1432 | J85: -501417.85 | K85: =+K84+G85-H85 -> -501417.85
A86: 243632 | B86: รับ | C86: RVSP6701-011 | D86: จตุพร คมขำ 6TB-24010059 | E86: จตุพร คมขำ | F86: 6TB-24010059 | H86: 2220 | I86: =G86-H86 -> -2220 | J86: -503637.85 | K86: =+K85+G86-H86 -> -503637.85
A87: 243632 | B87: รับ | C87: RVSR6701-018 | D87: เตือนใจ ร่มพุดตาล 3TB-24010216 | E87: เตือนใจ ร่มพุดตาล | F87: 3TB-24010216 | H87: 192.6 | I87: =G87-H87 -> -192.6 | J87: -503830.45 | K87: =+K86+G87-H87 -> -503830.45
A88: 243633 | B88: รับ | C88: RVSS6701-010 | D88: อภิวัฒน์ ขจีฟ้า 1TB-24010023 | E88: อภิวัฒน์ ขจีฟ้า | F88: 1TB-24010023 | G88: 4429.8 | I88: =G88-H88 -> 4429.8 | J88: -499400.65 | K88: =+K87+G88-H88 -> -499400.65
A89: 243633 | B89: รับ | C89: RVSS6701-010 | D89: อภิวัฒน์ ขจีฟ้า 1TB-24010023 | E89: อภิวัฒน์ ขจีฟ้า | F89: 1TB-24010023 | H89: 4429.8 | I89: =G89-H89 -> -4429.8 | J89: -503830.45 | K89: =+K88+G89-H89 -> -503830.45
A90: 243633 | B90: รับ | C90: RVSS6701-010 | D90: อภิวัฒน์ ขจีฟ้า 1TB-24010024 | E90: อภิวัฒน์ ขจีฟ้า | F90: 1TB-24010024 | H90: 2214.9 | I90: =G90-H90 -> -2214.9 | J90: -506045.35 | K90: =+K89+G90-H90 -> -506045.35
A91: 243634 | B91: รับ | C91: RVSH6701-013 | D91: พิชัย นวฤทธิ์ศวิน 5TB-24010105 | E91: พิชัย นวฤทธิ์ศวิน | F91: 5TB-24010105 | G91: 1083.38 | I91: =G91-H91 -> 1083.38 | J91: -504961.97 | K91: =+K90+G91-H91 -> -504961.97
A92: 243634 | B92: รับ | C92: RVSP6701-012 | D92: ทรงจำ สุดโต 6TB-24010063 | E92: ทรงจำ สุดโต | F92: 6TB-24010063 | H92: 9700 | I92: =G92-H92 -> -9700 | J92: -514661.97 | K92: =+K91+G92-H92 -> -514661.97
A93: 243634 | B93: รับ | C93: RVSP6701-012 | D93: ชาณิศา กาญจนวัฒนา 6TB-24010067 | E93: ชาณิศา กาญจนวัฒนา | F93: 6TB-24010067 | H93: 7725.4 | I93: =G93-H93 -> -7725.4 | J93: -522387.37 | K93: =+K92+G93-H93 -> -522387.37
A94: 243634 | B94: รับ | C94: RVSR6701-020 | D94: อู่คูณทวีการช่าง 3TB-24010240 | E94: อู่คูณทวี การช่าง | F94: 3TB-24010240 | H94: 6462.8 | I94: =G94-H94 -> -6462.8 | J94: -528850.17 | K94: =+K93+G94-H94 -> -528850.17
A95: 243634 | B95: รับ | C95: RVSR6701-021 | D95: อินทิชา บุญชิต 3TB-24010041 | E95: อินทิชา บุญชิต | F95: 3TB-24010041 | G95: 144.45 | I95: =G95-H95 -> 144.45 | J95: -528705.72 | K95: =+K94+G95-H95 -> -528705.72
A96: 243634 | B96: รับ | C96: RVSR6701-021 | D96: พัฒน์ โพธิ์ทองคำ 3TB-24010166 | E96: พัฒน์ โพธิ์ทองคำ | F96: 3TB-24010166 | G96: 2600.1 | I96: =G96-H96 -> 2600.1 | J96: -526105.62 | K96: =+K95+G96-H96 -> -526105.62
A97: 243634 | B97: รับ | C97: RVSR6701-021 | D97: วิภา ตั้งจาตุรโสภณ 3TB-24010180 | E97: วิภา ตั้งจาตุรโสภณ | F97: 3TB-24010180 | G97: 1392.34 | I97: =G97-H97 -> 1392.34 | J97: -524713.28 | K97: =+K96+G97-H97 -> -524713.28
A98: 243634 | B98: รับ | C98: RVSR6701-021 | D98: สุทธิศักดิ์ ศรีพลกรัง 3TB-24010242 | E98: สุทธิศักดิ์ ศรีพลกรัง | F98: 3TB-24010242 | H98: 5007.6 | I98: =G98-H98 -> -5007.6 | J98: -529720.88 | K98: =+K97+G98-H98 -> -529720.88
A99: 243635 | B99: รับ | C99: RVSH6701-014 | D99: เศรษฐวัฒน์ แย้มทะเล 5TB-24010078 | E99: เศรษฐวฒน์ แย้มทะเล | F99: 5TB-24010078 | G99: 5770 | I99: =G99-H99 -> 5770 | J99: -523950.88 | K99: =+K98+G99-H99 -> -523950.88
A100: 243635 | B100: รับ | C100: RVSP6701-013 | D100: บริษัท สามารถเจริญยนต์ จำกัด 6TB-24010069 | E100: บริษัท สามารถเจริญยนต์ จำกัด | F100: 6TB-24010069 | H100: 1200 | I100: =G100-H100 -> -1200 | J100: -525150.88 | K100: =+K99+G100-H100 -> -525150.88
...

Sheet สรุป 66
A3: Row Labels | B3: Sum of สถานะ
A4: ISD MOHAMED | B4: 0 | D4: 3000 | E4: รับปี 65
A5: Karlmartin Horat | B5: 0 | D5: 7000
A6: Kim | B6: 0
A7: MICHAEL DYKES | B7: 0 | D7: 8150 | E7: มีคืน ไม่มีรับ
A8: TIN MAUNG AYE. | B8: 0
A9: กชกร ฝายอุประ | B9: 0
A10: กชพรพรรณ โนนขุนทด | B10: 0
A11: กนกพร จงกลาง | B11: 0
A12: กนกอร นันทะเสน | B12: 0
A13: กมลชนก ปุราสะเก | B13: 0
A14: กมลทิพย์ คุ้มเรือน | B14: 0
A15: กมลทิพย์ มะแม้น | B15: 0
A16: กมลวรรณ์ อองเดรท์ | B16: 0
A17: กรกนก จิตร์อารี | B17: 0
A18: กรกาญจน์ จีรพัฒนพงษ์ | B18: 0
A19: กรณิการ์ พิมพา | B19: 0
... A1162: โอฬาร บุญจันทร์ | B1162: 0
A1163: (blank)
A1164: มิเนอเรกซ์ จำกัด | B1164: 0
A1165: Grand Total | B1165: -38955.63

Sheet Sheet3
A3: Row Labels | B3: Sum of สถานะ
A4: ISD MOHAMED | B4: 0 | D4: 3000 | E4: รับปี 65
A5: Karlmartin Horat | B5: 0 | D5: 7000
A6: Kim | B6: 0
A7: MICHAEL DYKES | B7: 0 | D7: 8150 | E7: มีคืน ไม่มีรับ
A8: TIN MAUNG AYE. | B8: 0
A9: กชกร ฝายอุประ | B9: 0
A10: กชพรพรรณ โนนขุนทด | B10: 0
A11: กนกพร จงกลาง | B11: 0
A12: กนกอร นันทะเสน | B12: 0
A13: กมลชนก ปุราสะเก | B13: 0
A14: กมลทิพย์ คุ้มเรือน | B14: 0
A15: กมลทิพย์ มะแม้น | B15: 0
A16: กมลวรรณ์ อองเดรท์ | B16: 0
A17: กรกนก จิตร์อารี | B17: 0
A18: กรกาญจน์ จีรพัฒนพงษ์ | B18: 0
A19: กรณิการ์ พิมพา | B19: 0
... A1038: มิเนอเรกซ์ จำกัด | B1038: 0
A1039: Grand Total | B1039: =SUM(B4:B1038) -> -37297.43

Sheet Sheet2
A3: Row Labels | B3: Sum of สถานะ
A4: กรภัทร์ คงนาวัง | B4: -1000
A5: กฤษณ์ นาคสูงเนิน | B5: 7000
A6: กันญาวีษ์ ดิษพงษา | B6: 3000
A7: กัลยาณัฏฐ์ เที่ยงจันทึก | B7: 8150
A8: เขมณัฏฐ์ วงศ์มนต์เทวัญ | B8: -6000
A9: คณิศร์ บรรลุสิน | B9: 10050.51
A10: จันทกานติ เพ็ชรเขียนขจร | B10: -449.4
A11: จารุวัฒน์ ประจีณวงศ์วุฒิ | B11: -609.9
A12: จุฑามาศ จิตกระโทก | B12: -232.19
A13: จุไรวรรณ ลือพงศ์พัฒนะ | B13: 117.7
A14: ชฎิลดา ดั้งดวงศศิธร | B14: -6000
A15: ชนคร ขันธสม | B15: -3500
... A138: Grand Total | B138: -37297.43

Sheet 66 รับ
A1: กรภัทร์ คงนาวัง | B1: -1000 | C1: #N/A | D1: 3TB-23030500 | E1: 243344
A2: เขมณัฏฐ์ วงศ์มนต์เทวัญ | B2: -6000 | C2: #N/A | D2: 5TB-23060371 | E2: 243429
A3: จันทกานติ เพ็ชรเขียนขจร | B3: -449.4 | C3: #N/A | D3: 6TB-23050035 | E3: 243383
A4: จารุวัฒน์ ประจีณวงศ์วุฒิ | B4: -609.9 | C4: #N/A | D4: 5TB-23090255 | E4: 243516
A5: จุฑามาศ จิตกระโทก | B5: -232.19 | C5: จุฑามาศ จิตกระโทก | D5: 5TB-23110302 | E5: 243582
A6: ชฎิลดา ดั้งดวงศศิธร | B6: -6000 | C6: #N/A | D6: NTB-23070002 | E6: 243445
A7: ชนคร ขันธสม | B7: -3500 | C7: ชนคร ขันธสม | D7: 6TB-23120147 | E7: 243614
A8: ชำนาญ โพธิรัชน์ | B8: -96.3 | C8: ชำนาญ โพธิรัชน์ | D8: 3TB-23120290 | E8: 243609
A9: ชำนาญ รื่นจิตต์ | B9: -500 | C9: #N/A | D9: 6TB-23010026 | E9: 243262
A10: ชิดชัย ประจิตร | B10: -3775 | C10: ชิดชัย ประจิตร | D10: 5TB-23120273 | E10: 243613
A11: ชูศักดิ์ พัดทะเล | B11: -727.6 | C11: ชูศักดิ์ พัดทะเล | D11: 5TB-23120308 | E11: 243615
A12: ฐาณัชชา รายณะสุข | B12: -2000 | C12: #N/A | D12: 5TB23060225 | E12: 243420
A13: ณัฎธิณี พึ้งน้อย | B13: -732.95 | C13: #N/A | D13: 6TB-23120060 | E13: 243599
A14: ณัฏธิณี พึ้งน้อย | B14: -941.6 | C14: #N/A | D14: 6TB-23120059 | E14: 243597
A15: ณัฏรดา ทวดอาจ | B15: -2500 | C15: #N/A | D15: NTB-23110001 | E15: 243574
A16: ณัฐพล หอมกลิ่น | B16: -7000 | C16: #N/A | D16: 1TB-23070051 | E16: 243447
A17: ณัฐรดา แสนคุ้ม | B17: -6000 | C17: #N/A | D17: NTB-23090001 | E17: 243498
A18: ณัฐวุฒิ ขันธปรีชา | B18: -754.35 | C18: #N/A | D18: 5TB-2301410 | E18: 243284
A19: ดอน วัสขุนทด | B19: -1304.06 | C19: ดอน วัสขุนทด | D19: 5TB-23120160 | E19: 243602
A20: ตุ้ย บุญเรือง | B20: -2500 | C20: #N/A | D20: 1TB-23100005 | E20: 243539
A21: ถิรดา ณัฐศาพงศ์ | B21: -3000 | C21: #N/A | D21: 1TB-23050011 | E21: 243378
A22: ทักษิณ ประเสริฐผล | B22: -1917.98 | C22: ทักษิณ ประเสริฐผล | D22: 3TB-23120412 | E22: 243616
A23: ทันตพงษ์ ต้นสกุล | B23: -17000 | C23: ทันตพงษ์ ต้นสกุล | D23: 6TB-23100085 | E23: 243544
A24: ทิวา หารประชุม | B24: -770.4 | C24: ทิวา หารประชุม | D24: 5TB-23120343 | E24: 243617
A25: ธันยาภัทร์ ริยะสารชัยรัฐ | B25: -4000 | C25: #N/A | D25: NTB-23060003 | E25: 243434
A26: นพดล พึ่งเกาะ | B26: -975 | C26: นพดล พึ่งเกาะ | D26: 5TB-23120247 | E26: 243610
A27: นุชนาถ เดือนขาว | B27: -3000 | C27: #N/A | D27: 1TB-23060050 | E27: 243424
A28: บจ.สำนักงานกฎหมายรัฐนนท์ | B28: -8000 | C28: #N/A | D28: NTB-23080002 | E28: 243467
A29: บจ.สูงเนินรวมรถ | B29: -1093.01 | C29: บจ.สูงเนินรวมรถ | D29: 3TB-23090317 | E29: 243519
A30: บริษัท เคโอเคโอ อินเตอร์เทรค จำกัด | B30: -11660 | C30: #N/A | D30: 5TB-23080093 | E30: 243474
A31: ประชา มุ่งยอดกลาง | B31: -347.75 | C31: #N/A | D31: 5TB-23110348 | E31: 243585
A32: ประชา เล้าเจริญพานิชย์ | B32: -5240.75 | C32: ประชา เล้าเจริญพานิชย์ | D32: 3TB-23050404 | E32: 243398
A33: ประภาพรรณ เนาวเพ็ชร์ | B33: -973.7 | C33: ประภาพรรณ เนาวเพ็ชร์ | D33: 3TB-23120392 | E33: 243615
A34: ปราถนา ทิพย์อาศน์ | B34: -6300 | C34: ปราถนา ทิพย์อาศน์ | D34: 1TB-23110013 | E34: 243566
A35: ผกามาศ ไกลกลาง | B35: -5024.99 | C35: #N/A | D35: 062/3070 | E35: 243336
A36: ผกามาส จันทรวงศา | B36: -398.84 | C36: #N/A | D36: 062/3066 | E36: 243336
A37: พงศ์ธร โสภณธรรมกิจ | B37: -8321.75 | C37: #N/A | D37: 3TB-22120182 | E37: 243260
A38: พบชัย พานปรุ | B38: -1000 | C38: #N/A | D38: 5TB23060226 | E38: 243420
A39: พรนภา ทิพโคกกรวด | B39: -2000 | C39: #N/A | D39: 5TB-23060212 | E39: 243418
A40: พะยุง เขนสันเทียะ | B40: -1470 | C40: พะยุง เขนสันเทียะ | D40: 3TB-23040411 | E40: 243369
A41: ไพโรจน์ ปาเกลือ | B41: -3000 | C41: ไพโรจน์ ปาเกลือ | D41: 1TB-23120006 | E41: 243594
A42: ภัณฑิรา จงฝังกลาง | B42: -42.8 | C42: #N/A | D42: 5TB-23060327 | E42: 243426
A43: ภัสร์สุชาสินี อัครพิชชานนท์ | B43: -3000 | C43: #N/A | D43: 3TB-23100300 | E43: 243547
A44: ภาคภูมิ ศักดิ์วีระเดชกุล | B44: -4000 | C44: ภาคภูมิ ศักดิ์วีระเดชกุล | D44: 3TB-23050110 | E44: 243380
A45: มัลลิกา ทะลาไธสง | B45: -1713.33 | C45: มัลลิกา ทะลาไธสง | D45: 3TB-23120382 | E45: 243614
A46: มานิต ก่ำพิมาย | B46: -6663.75 | C46: มานิต ก่ำพิมาย | D46: 5TB-23120272 | E46: 243613
A47: ยุทธนา โนนโคกสูง | B47: -4300 | C47: #N/A | D47: 5TB-23070124 | E47: 243445
A48: เยาวลักษณ์ หงษ์นคร | B48: -15345.43 | C48: #N/A | D48: 1TB-23070001 | E48: 243436
A49: รัตนาภรณ์ รัตนเพช | B49: -1956.75 | C49: รัตนาภรณ์ รัตนเพช | D49: 3TB-22120341 | E49: 243266
A50: โรงเรียนสอนขับรถ สตาร์ท | B50: -1717.35 | C50: #N/A | D50: 3TB-23080442 | E50: 243497
A51: วราภรณ์ วันสุดล | B51: -2660.29 | C51: วราภรณ์ วันสุดล | D51: 3TB-23120335 | E51: 243611
A52: วสุกาญจน์ การสาลี | B52: -2455.65 | C52: วสุกาญจน์ การสาลี | D52: 3TB-23120251 | E52: 243604
A53: วัจน์กร ดาศรี | B53: -1000 | C53: #N/A | D53: NTB-23090002 | E53: 243526
A54: วัลลภ ภาษี | B54: -979.05 | C54: #N/A | D54: 5TB-23020280 | E54: 243306
A55: วิทยา ไกรนอก | B55: -738.3 | C55: #N/A | D55: 5TB-23070323 | E55: 243461
A56: วีนัส พวงสุดรักษ์ | B56: -10400 | C56: วีนัส พวงสุดรักษ์ | D56: 3TB-23120223 | E56: 243603
A57: วุฒิชัย แซ่ลิ้ม | B57: -1241.2 | C57: #N/A | D57: 6TB-23090015 | E57: 243501
A58: ศรารัตน์ ชาลี | B58: -5000 | C58: #N/A | D58: NTB-23080001 | E58: 243467
A59: ศะศิมาศ พงศ์บุรีนนท์ | B59: -8000 | C59: ศะศิมาศ พงศ์บุรีนนท์ | D59: 3TB-23120419 | E59: 243616
A60: สภาวรรณ กรกระโทก | B60: -7785.56 | C60: #N/A | D60: 5TB-23050415 | E60: 243405
A61: สมคิด อดูลปรัชญากร | B61: -85.6 | C61: #N/A | D61: 062-3093 | E61: 243475
A62: สมพงษ์ วงษ์จำปา | B62: -12000 | C62: #N/A | D62: 6TB-23050129 | E62: 243399
A63: สมุห์ดลระวี รุ่งวิกรัยสกุล | B63: -915 | C63: #N/A | D63: 6TB-23020004 | E63: 243286
A64: สัญชัย ชายสะแกราช | B64: -10928.28 | C64: #N/A | D64: 5TB-23060200 | E64: 243418
A65: สัมพันธุ์ แสนยะบุตร | B65: -1942.05 | C65: #N/A | D65: 3TB-23110362 | E65: 243585
A66: สิริรัตน์ กุรัมย์ | B66: -16400.96 | C66: #N/A | D66: 1TB-23090023 | E66: 243532
A67: สุพรรษา คำภิมูล | B67: -240.75 | C67: #N/A | D67: 3TB-23120285 | E67: 243608
A68: สุภกิจ กล้าหาญ | B68: -226.31 | C68: #N/A | D68: 5TB-23100341 | E68: 243557
A69: สุรชัย ไตรภูธร | B69: -2000 | C69: #N/A | D69: NTB-23060001 | E69: 243418
A70: สุริยันต์ มีปากดี | B70: -3000 | C70: #N/A | D70: 1TB-23070050 | E70: 243447
A71: สุวรรณี ราชภักดิ์ | B71: -2800 | C71: #N/A | D71: 6TB-23120086 | E71: 243602
... A73: หทัยชนก ไชยแสง | B73: -3000 | C73: #N/A | D73: 1TB-23100007 | E73: 243543
A74: อจลญา พิกุลแก้ว | B74: -6700 | C74: อจลญา พิกุลแก้ว | D74: 1TB-23110015 | E74: 243568
A75: อนันทชัย หอมไม่หาย | B75: -3960 | C75: อนันทชัย หอมไม่หาย | D75: 5TB-23120328 | E75: 243615
A76: อัจราวรี วังกลาง | B76: -770.4 | C76: อัจราวรี วังกลาง | D76: 3TB-23120416 | E76: 243616
A77: อัศวัฒน์ อิธินันท์วัธนากูร | B77: -2200 | C77: #N/A | D77: 3TB-23020323 | E77: 243305
A78: อุไรวรรณ ลือพงศ์พัฒนะ | B78: -117.7 | C78: #N/A | D78: 3TB-23040051 | E78: 243348
A79: อุษา สุขมณี | B79: -1000 | C79: #N/A | D79: 1TB-23070083 | E79: 243461
A80: โอภาส ปานสารี | B80: -1000 | C80: #N/A | D80: 1TB-23100023 | E80: 243558
A81: โอ้ยยิ้น แซ่โต๋ว | B81: -7366.95 | C81: #N/A | D81: 3TB-23120338 | E81: 243611
B82: =SUM(B1:B81) -> -289076.38

Sheet Sheet4
A1: บริษัท เอกสหกรุ๊ป ออโตโมบิล จำกัด
A2: ณ วันที่ 31 ธันวาคม 2567
A3: ลำดับ | B3: ชื่อลูกค้า | C3: เลขที่มัดจำ | D3: วันที่ | E3: จำนวนเงิน
A4: 1 | B4: ผกามาส จันทรวงศา | C4: 062/3066 | D4: 243336 | E4: -398.84
A5: 2 | B5: ผกามาศ ไกลกลาง | C5: 062/3070 | D5: 243336 | E5: -5024.99
A6: 3 | B6: สมคิด อดูลปรัชญากร | C6: 062-3093 | D6: 243475 | E6: -85.6
A7: 4 | B7: ถิรดา ณัฐศาพงศ์ | C7: 1TB-23050011 | D7: 243378 | E7: -3000 | F7: 1TM-23050002
A8: 5 | B8: นุชนาถ เดือนขาว | C8: 1TB-23060050 | D8: 243424 | E8: -3000 | F8: 1TM-23060003
A9: 6 | B9: สุริยันต์ มีปากดี | C9: 1TB-23070050 | D9: 243447 | E9: -3000 | F9: 1TM-23070001
A10: 7 | B10: ณัฐพล หอมกลิ่น | C10: 1TB-23070051 | D10: 243447 | E10: -7000 | F10: 1TM-23070002
A11: 8 | B11: อุษา สุขมณี | C11: 1TB-23070083 | D11: 243461 | E11: -1000 | F11: 1TM-23070003
A12: 9 | B12: ตุ้ย บุญเรือง | C12: 1TB-23100005 | D12: 243539 | E12: -2500 | F12: 1TM-23100001
A13: 10 | B13: โอภาส ปานสารี | C13: 1TB-23100023 | D13: 243558 | E13: -1000 | F13: 1TM-23100003
A14: 11 | B14: กรภัทร์ คงนาวัง | C14: 3TB-23030500 | D14: 243344 | E14: -1000 | F14: 3TM-23030067
A15: 12 | B15: ภัสร์สุชาสินี อัครพิชชานนท์ | C15: 3TB-23100300 | D15: 243547 | E15: -3000 | F15: 3TM-23100034
A16: 13 | B16: ณัฐวุฒิ ขันธปรีชา | C16: 5TB-23010410 | D16: 243284 | E16: -754.35 | F16: 5TM-23010049
A17: 14 | B17: วัลลภ ภาษี | C17: 5TB-23020280 | D17: 243306 | E17: -979.05 | F17: 5TM-23020038
A18: 15 | B18: ฐาณัชชา รายณะสุข | C18: 5TB-23060225 | D18: 243420 | E18: -2000 | F18: 5TM-23060035
... A21: 18 | B21: สุรชัย ไตรภูธร | C21: NTB-23060001 | D21: 243418 | E21: -2000 | F21: NTM-23060001
A22: 19 | B22: ธันยาภัทร์ ริยะสารชัยรัฐ | C22: NTB-23060003 | D22: 243434 | E22: -4000
A23: 20 | B23: ชฎิลดา ดั้งดวงศศิธร | C23: NTB-23070002 | D23: 243445 | E23: -6000
A24: 21 | B24: ศรารัตน์ ชาลี | C24: NTB-23080001 | D24: 243467 | E24: -5000 | F24: NTM-23080001
A25: 22 | B25: บจ.สำนักงานกฎหมายรัฐนนท์ | C25: NTB-23080002 | D25: 243467 | E25: 3000 | F25: NTM-23080002
A26: 23 | B26: ณัฐรดา แสนคุ้ม | C26: NTB-23090001 | D26: 243498 | E26: -6000 | F26: NTM-23090001
A27: 24 | B27: วัจน์กร ดาศรี | C27: NTB-23090002 | D27: 243526 | E27: -1000 | F27: NTM-23090002
A28: 25 | B28: ณัฏรดา ทวดอาจ | C28: NTB-23110001 | D28: 243574 | E28: -2500 | F28: NTM-23110001
A29: ยอดรวม | E29: =SUM(E4:E28) -> -64242.83
A33: 6 | B33: เยาวลักษณ์ หงษ์นคร | C33: 1TB-23070001 | D33: 243436 | E33: -15345.43
A34: 10 | B34: สิริรัตน์ กุรัมย์ | C34: 1TB-23090023 | D34: 243532 | E34: -16400.96

Sheet Sheet7
A1: กฤษณ์ นาคสูงเนิน | B1: 7000
A2: กันญาวีษ์ ดิษพงษา | B2: 3000
A3: กัลยาณัฏฐ์ เที่ยงจันทึก | B3: 8150
A4: คณิศร์ บรรลุสิน | B4: 10050.51
A5: จุไรวรรณ ลือพงศ์พัฒนะ | B5: 117.7
A6: ชัยณรงค์ ไกรกลาง | B6: 3000
A7: เชาวลิต สินิทธ์กุล | B7: 3430.69
A8: ณัฎธิณี พึ้งงน้อย | B8: 1674.55
A9: ณัฐชนน สมานจารุวรรณ | B9: 246.1
A10: ทัยชนก ไชยแสง | B10: 3000
A11: ทิพากร พรมยกบัตร์ | B11: 112.35
A12: ทีปกรณ์ วิศรุตวาณิชย์ | B12: 1320.12
... A52: อิศวัฒน์ อิธินันท์วัธนากูร | B52: 2200

Sheet ปกมัดจำอะไหล่
G2: N.........
B8: บริษัท เอกสหกรุ๊ป ออโตโมบิล จำกัด
B9: ณ 31 ธันวาคม 2567
B12: รหัสบัญชี | C12: ชื่อบัญชี | F12: ยอดตามงบ
B14: 2205-04-00 | C14: เงินรับมัดจำ-ค่าอะไหล่และบริการ | F14: -148491.71
B26: ยืนยันยอดที่ถูกต้อง ณ 31 ธันวาคม 2567 | F26: =F14-F15 -> -148491.71
B30: ผู้จัดทำ | F30: ผู้สอบทาน
B32: วันที่จัดทำ | F32: วันที่สอบทาน

Sheet N 66
A1: วันที่ | B1: สมุด | C1: ใบสำคัญ | D1: คำอธิบาย | E1: เลขที่เอกสาร | F1: ชื่อลูกค้า | G1: เดบิต | H1: เครดิต | I1: สถานะ | J1: ยอดคงเหลือ
A2: 2205-04-00 | C2: เงินรับมัดจำ-ค่าอะไหล่และบริการ | J2: -379113.76
A3: 243257 | B3: รับ | C3: RVSH6601-001 | D3: นาตยา แก้วไทย 5TB-23010003 | E3: 5TB-23010003 | F3: นาตยา แก้วไทย | H3: 881.68 | I3: =G3-H3 -> -881.68 | J3: -379995.44 | K3: =+J2+G3-H3 -> -379995.44
A4: 243257 | B4: รับ | C4: RVSH6601-001 | D4: ร้านยาวการยาง 5TB-23010013 | E4: 5TB-23010013 | F4: ร้านยาวการยาง | H4: 251.45 | I4: =G4-H4 -> -251.45 | J4: -380246.89 | K4: =+J3+G4-H4 -> -380246.89
A5: 243257 | B5: รับ | C5: RVSH6601-001 | D5: ไมตรี หนูเจริญกูล 5TB-23010015 | E5: 5TB-23010015 | F5: ไมตรี หนูเจริญกูล | H5: 731.88 | I5: =G5-H5 -> -731.88 | J5: -380978.77 | K5: =+J4+G5-H5 -> -380978.77
A6: 243258 | B6: รับ | C6: RVSH6601-003 | D6: สิทธิชัย จันทร์เทศ 5TB-22120244 | E6: 5TB-22120244 | F6: สิทธิชัย จันทร์เทศ | G6: 47000 | I6: =G6-H6 -> 47000 | J6: -333978.77 | K6: =+J5+G6-H6 -> -333978.77
A7: 243258 | B7: รับ | C7: RVSH6601-003 | D7: น้ำฝน โชติกลาง 5TB-23010027 | E7: 5TB-23010027 | F7: น้ำฝน โชติกลาง | H7: 881.68 | I7: =G7-H7 -> -881.68 | J7: -334860.45 | K7: =+J6+G7-H7 -> -334860.45
A8: 243258 | B8: รับ | C8: RVSR6601-002 | D8: อู่พีเอ็น เซอร์วิส 3TB-23010005 | E8: 3TB-23010005 | F8: อู่พีเอ็น เซอร์วิส | H8: 1600 | I8: =G8-H8 -> -1600 | J8: -336460.45 | K8: =+J7+G8-H8 -> -336460.45
A9: 243258 | B9: รับ | C9: RVSR6601-002 | D9: อู่สินเจริญ 3TB-23010014 | E9: 3TB-23010014 | F9: อู่สินเจริญ | H9: 5300 | I9: =G9-H9 -> -5300 | J9: -341760.45 | K9: =+J8+G9-H9 -> -341760.45
A10: 243258 | B10: รับ | C10: RVSR6601-003 | D10: หอมหวล วันนา 3TB-22120339 | E10: 3TB-22120339 | F10: หอมหวล วันนา | G10: 812.13 | I10: =G10-H10 -> 812.13 | J10: -340948.32 | K10: =+J9+G10-H10 -> -340948.32
A11: 243259 | B11: รับ | C11: RS6601-007 | D11: รับชำระหนี้ บมจ. นวกิจประกันภัย | E11: นวกิจประกันภัย | F11: รับชำระหนี้ บมจ. | G11: 1000 | I11: =G11-H11 -> 1000 | J11: -339948.32 | K11: =+J10+G11-H11 -> -339948.32
A12: 243259 | B12: รับ | C12: RVSH6601-002 | D12: ภูริวัจน์ ชัยศิริสุภานนท์ 5TB-23010021 | E12: 5TB-23010021 | F12: ภูริวัจน์ ชัยศิริสุภานนท์ | H12: 40956 | I12: =G12-H12 -> -40956 | J12: -380904.32 | K12: =+J11+G12-H12 -> -380904.32
A13: 243259 | B13: รับ | C13: RVSP6601-003 | D13: สโรชา เหล่าศิริรัตน์ 6TB-23010008 | E13: 6TB-23010008 | F13: สโรชา เหล่าศิริรัตน์ | H13: 807.85 | I13: =G13-H13 -> -807.85 | J13: -381712.17 | K13: =+J12+G13-H13 -> -381712.17
A14: 243259 | B14: รับ | C14: RVSR6601-004 | D14: อนุวัฒน์ สังฆะงาม 3TB-23010018 | E14: 3TB-23010018 | F14: อนุวัฒน์ สังฆะงาม | H14: 69.55 | I14: =G14-H14 -> -69.55 | J14: -381781.72 | K14: =+J13+G14-H14 -> -381781.72
A15: 243259 | B15: รับ | C15: RVSR6601-004 | D15: พัทธนันท์ ปุณญพร 3TB-23010019 | E15: 3TB-23010019 | F15: พัทธนันท์ ปุณญพร | H15: 334 | I15: =G15-H15 -> -334 | J15: -382115.72 | K15: =+J14+G15-H15 -> -382115.72
A16: 243259 | B16: รับ | C16: RVSR6601-004 | D16: โสภณ แก้วยงกฎ 3TB-23010027 | E16: 3TB-23010027 | F16: โสภณ แก้วยงกฎ | H16: 264.29 | I16: =G16-H16 -> -264.29 | J16: -382380.01 | K16: =+J15+G16-H16 -> -382380.01
A17: 243259 | B17: รับ | C17: RVSR6601-004 | D17: สมชาย กองกุล 3TB-23010029 | E17: 3TB-23010029 | F17: สมชาย กองกุล | H17: 674.1 | I17: =G17-H17 -> -674.1 | J17: -383054.11 | K17: =+J16+G17-H17 -> -383054.11
A18: 243260 | B18: รับ | C18: RVSH6601-005 | D18: ชญาดา กัลยาณรุจ 5TB-23010038 | E18: 5TB-23010038 | F18: ชญาดา กัลยาณรุจ | H18: 881.68 | I18: =G18-H18 -> -881.68 | J18: -383935.79 | K18: =+J17+G18-H18 -> -383935.79
A19: 243260 | B19: รับ | C19: RVSH6601-006 | D19: ร้านยาวการยาง 5TB-23010013 | E19: 5TB-23010013 | F19: ร้านยาวการยาง | G19: 251.45 | I19: =G19-H19 -> 251.45 | J19: -383684.34 | K19: =+J18+G19-H19 -> -383684.34
A20: 243260 | B20: รับ | C20: RVSR6601-006 | D20: หทัยพัชร มหรรณพนที 3TB-22110308 | E20: 3TB-22110308 | F20: หทัยพัชร มหรรณพนที | G20: 3288.65 | I20: =G20-H20 -> 3288.65 | J20: -380395.69 | K20: =+J19+G20-H20 -> -380395.69
A21: 243260 | B21: รับ | C21: RVSR6601-006 | D21: พงศ์ธร โสภณธรรมกิจ 3TB-22120182 | E21: 3TB-22120182 | F21: พงศ์ธร โสภณธรรมกิจ | G21: 2648.25 | I21: =G21-H21 -> 2648.25 | J21: -377747.44 | K21: =+J20+G21-H21 -> -377747.44
A22: 243261 | B22: รับ | C22: RVSP6601-006 | D22: ประจวบ จงโปร่งกลาง 6TB-23010024 | E22: 6TB-23010024 | F22: ประจวบ จงโปร่งกลาง | H22: 2000 | I22: =G22-H22 -> -2000 | J22: -379747.44 | K22: =+J21+G22-H22 -> -379747.44
A23: 243261 | B23: รับ | C23: RVSR6601-008 | D23: ธาวิน หอมศักดิ์มงคล 3TB-22120228 | E23: 3TB-22120228 | F23: ธาวิน หอมศักดิ์มงคล | G23: 14750.75 | I23: =G23-H23 -> 14750.75 | J23: -364996.69 | K23: =+J22+G23-H23 -> -364996.69
A24: 243261 | B24: รับ | C24: RVSR6601-008 | D24: อนุวัฒน์ สังฆะงาม 3TB-23010018 | E24: 3TB-23010018 | F24: อนุวัฒน์ สังฆะงาม | G24: 69.55 | I24: =G24-H24 -> 69.55 | J24: -364927.14 | K24: =+J23+G24-H24 -> -364927.14
A25: 243261 | B25: รับ | C25: RVSR6601-008 | D25: อู่พีเอ็น เซอร์วิส 3TB-23010005 | E25: 3TB-23010005 | F25: อู่พีเอ็น เซอร์วิส | G25: 1600 | I25: =G25-H25 -> 1600 | J25: -363327.14 | K25: =+J24+G25-H25 -> -363327.14
A26: 243261 | B26: รับ | C26: RVSR6601-008 | D26: อู่สินเจริญ 3TB-23010014 | E26: 3TB-23010014 | F26: อู่สินเจริญ | G26: 5300 | I26: =G26-H26 -> 5300 | J26: -358027.14 | K26: =+J25+G26-H26 -> -358027.14
A27: 243262 | B27: รับ | C27: RVSP6601-007 | D27: ชำนาญ รื่นจิตต์ 6TB-23010026 | E27: 6TB-23010026 | F27: ชำนาญ รื่นจิตต์ | H27: 500 | I27: =G27-H27 -> -500 | J27: -358527.14 | K27: =+J26+G27-H27 -> -358527.14
A28: 243262 | B28: รับ | C28: RVSP6601-007 | D28: มณีวรรณ วังคะฮาตแสนสุข 6TB-22120041 | E28: 6TB-22120041 | F28: มณีวรรณ วังคะฮาตแสนสุข | G28: 1600 | I28: =G28-H28 -> 1600 | J28: -356927.14 | K28: =+J27+G28-H28 -> -356927.14
A29: 243262 | B29: รับ | C29: RVSP6601-007 | D29: กันญาวีษ์ ดิษพงษา 6TB-22120163 | E29: 6TB-22120163 | F29: กันญาวีษ์ ดิษพงษา | G29: 3000 | I29: =G29-H29 -> 3000 | J29: -353927.14 | K29: =+J28+G29-H29 -> -353927.14
A30: 243263 | B30: รับ | C30: RVSP6601-009 | D30: พงษ์ทวี มี่แคน 6TB-23010036 | E30: 6TB-23010036 | F30: พงษ์ทวี มี่แคน | H30: 4400 | I30: =G30-H30 -> -4400 | J30: -358327.14 | K30: =+J29+G30-H30 -> -358327.14
A31: 243263 | B31: รับ | C31: RVSR6601-009 | D31: จุมพฏ ประสงค์ 3TB-23010105 | E31: 3TB-23010105 | F31: จุมพฏ ประสงค์ | H31: 3300 | I31: =G31-H31 -> -3300 | J31: -361627.14 | K31: =+J30+G31-H31 -> -361627.14
A32: 243263 | B32: รับ | C32: RVSR6601-010 | D32: หจก.รถขุด 2002 3TB-22120358 | E32: 3TB-22120358 | F32: หจก.รถขุด 2002 | G32: 888.1 | I32: =G32-H32 -> 888.1 | J32: -360739.04 | K32: =+J31+G32-H32 -> -360739.04
A33: 243263 | B33: รับ | C33: RVSR6601-010 | D33: ปริยาพร นิลปานะ 3TB-23010116 | E33: 3TB-23010116 | F33: ปริยาพร นิลปานะ | H33: 1059.3 | I33: =G33-H33 -> -1059.3 | J33: -361798.34 | K33: =+J32+G33-H33 -> -361798.34
A34: 243264 | B34: รับ | C34: RVSH6601-009 | D34: นาตยา แก้วไทย 5TB-23010003 | E34: 5TB-23010003 | F34: นาตยา แก้วไทย | G34: 881.68 | I34: =G34-H34 -> 881.68 | J34: -360916.66 | K34: =+J33+G34-H34 -> -360916.66
A35: 243264 | B35: รับ | C35: RVSP6601-011 | D35: สโรชา เหล่าศิริรัตน์ 6TB-23010008 | E35: 6TB-23010008 | F35: สโรชา เหล่าศิริรัตน์ | G35: 807.85 | I35: =G35-H35 -> 807.85 | J35: -360108.81 | K35: =+J34+G35-H35 -> -360108.81
A36: 243264 | B36: รับ | C36: RVSP6601-012 | D36: นริศ ฤทธิชัยฤกษ์ 6TB-23010043 | E36: 6TB-23010043 | F36: นริศ ฤทธิชัยฤกษ์ | H36: 90 | I36: =G36-H36 -> -90 | J36: -360198.81 | K36: =+J35+G36-H36 -> -360198.81
A37: 243264 | B37: รับ | C37: RVSR6601-011 | D37: ธนากร วิมลศิลป์ 3TB-22120346 | E37: 3TB-22120346 | F37: ธนากร วิมลศิลป์ | G37: 4879.2 | I37: =G37-H37 -> 4879.2 | J37: -355319.61 | K37: =+J36+G37-H37 -> -355319.61
A38: 243264 | B38: รับ | C38: RVSR6601-011 | D38: ทีปกรณ์ วิศรุตวาณิชย์ 3TB-22110424 | E38: 3TB-22110424 | F38: ทีปกรณ์ วิศรุตวาณิชย์ | G38: 1320.12 | I38: =G38-H38 -> 1320.12 | J38: -353999.49 | K38: =+J37+G38-H38 -> -353999.49
A39: 243264 | B39: รับ | C39: RVSR6601-011 | D39: สุรีย์ จุลสิขรี 3TB-22120252 | E39: 3TB-22120252 | F39: สุรีย์ จุลสิขรี | G39: 3215.35 | I39: =G39-H39 -> 3215.35 | J39: -350784.14 | K39: =+J38+G39-H39 -> -350784.14
A40: 243264 | B40: รับ | C40: RVSR6601-011 | D40: โสภณ แก้วยงกฎ 3TB-23010027 | E40: 3TB-23010027 | F40: โสภณ แก้วยงกฎ | G40: 264.29 | I40: =G40-H40 -> 264.29 | J40: -350519.85 | K40: =+J39+G40-H40 -> -350519.85
A41: 243264 | B41: รับ | C41: RVSR6601-011 | D41: พัทธนันท์ ปุณญพร 3TB-23010019 | E41: 3TB-23010019 | F41: พัทธนันท์ ปุณญพร | G41: 334 | I41: =G41-H41 -> 334 | J41: -350185.85 | K41: =+J40+G41-H41 -> -350185.85
A42: 243265 | B42: รับ | C42: RVSH6601-011 | D42: น้ำฝน โชติกลาง 5TB-23010027 | E42: 5TB-23010027 | F42: น้ำฝน โชติกลาง | G42: 881.68 | I42: =G42-H42 -> 881.68 | J42: -349304.17 | K42: =+J41+G42-H42 -> -349304.17
A43: 243265 | B43: รับ | C43: RVSH6601-011 | D43: ชญาดา กัลยาณรุจ 5TB-23010038 | E43: 5TB-23010038 | F43: ชญาดา กัลยาณรุจ | G43: 881.68 | I43: =G43-H43 -> 881.68 | J43: -348422.49 | K43: =+J42+G43-H43 -> -348422.49
A44: 243265 | B44: รับ | C44: RVSH6601-012 | D44: ศุภมิตร ทับกระโทก 5TB23010124 | E44: 5TB23010124 | F44: ศุภมิตร ทับกระโทก | H44: 5000 | I44: =G44-H44 -> -5000 | J44: -353422.49 | K44: =+J43+G44-H44 -> -353422.49
A45: 243265 | B45: รับ | C45: RVSH6601-012 | D45: นันท์นภัทร เลิศสงคราม 5TB-23010125 | E45: 5TB-23010125 | F45: นันท์นภัทร เลิศสงคราม | H45: 943.74 | I45: =G45-H45 -> -943.74 | J45: -354366.23 | K45: =+J44+G45-H45 -> -354366.23
A46: 243265 | B46: รับ | C46: RVSH6601-012 | D46: ธรรมมงคล ลางคุนนท์ 5TB-23010127 | E46: 5TB-23010127 | F46: ธรรมมงคล ลางคุนนท์ | H46: 1789 | I46: =G46-H46 -> -1789 | J46: -356155.23 | K46: =+J45+G46-H46 -> -356155.23
A47: 243265 | B47: รับ | C47: RVSP6601-014 | D47: นิธิ มุตตามระ 6TB-23010054 | E47: 6TB-23010054 | F47: นิธิ มุตตามระ | H47: 3881 | I47: =G47-H47 -> -3881 | J47: -360036.23 | K47: =+J46+G47-H47 -> -360036.23
A48: 243266 | B48: รับ | C48: RVSH6601-014 | D48: ทิพากร พรมยกบัตร์ 5TB-22120174 | E48: 5TB-22120174 | F48: ทิพากร พรมยกบัตร์ | G48: 112.35 | I48: =G48-H48 -> 112.35 | J48: -359923.88 | K48: =+J47+G48-H48 -> -359923.88
A49: 243266 | B49: รับ | C49: RVSP6601-015 | D49: ประจวบ จงโปร่งกลาง 6TB-23010024 | E49: 6TB-23010024 | F49: ประจวบ จงโปร่งกลาง | G49: 2000 | I49: =G49-H49 -> 2000 | J49: -357923.88 | K49: =+J48+G49-H49 -> -357923.88
A50: 243266 | B50: รับ | C50: RVSP6601-015 | D50: สมศักดิ์ หมื่นกลาง 6TB-23010059 | E50: 6TB-23010059 | F50: สมศักดิ์ หมื่นกลาง | H50: 1400 | I50: =G50-H50 -> -1400 | J50: -359323.88 | K50: =+J49+G50-H50 -> -359323.88
A51: 243266 | B51: รับ | C51: RVSR6601-014 | D51: รัตนาภรณ์ รัตนเพช 3TB-22120341 | E51: 3TB-22120341 | F51: รัตนาภรณ์ รัตนเพช | G51: 1043.25 | I51: =G51-H51 -> 1043.25 | J51: -358280.63 | K51: =+J50+G51-H51 -> -358280.63
A52: 243266 | B52: รับ | C52: RVSR6601-014 | D52: จิตรา เฮ็นเดอริคค์ 3TB-23010160 | E52: 3TB-23010160 | F52: จิตรา เฮ็นเดอริคค์ | H52: 22200.36 | I52: =G52-H52 -> -22200.36 | J52: -380480.99 | K52: =+J51+G52-H52 -> -380480.99
A53: 243266 | B53: รับ | C53: RVSR6601-014 | D53: พีรวิชญ์ วิวรรธนมุกดา 3TB-23010166 | E53: 3TB-23010166 | F53: พีรวิชญ์ วิวรรธนมุกดา | H53: 13134.68 | I53: =G53-H53 -> -13134.68 | J53: -393615.67 | K53: =+J52+G53-H53 -> -393615.67
A54: 243267 | B54: รับ | C54: RVSP6601-016 | D54: นิธิ มุตตามระ 6TB-23010054 | E54: 6TB-23010054 | F54: นิธิ มุตตามระ | G54: 3881 | I54: =G54-H54 -> 3881 | J54: -389734.67 | K54: =+J53+G54-H54 -> -389734.67
A55: 243267 | B55: รับ | C55: RVSP6601-016 | D55: นริศ ฤทธิชัยฤกษ์ 6TB-23010043 | E55: 6TB-23010043 | F55: นริศ ฤทธิชัยฤกษ์ | G55: 90 | I55: =G55-H55 -> 90 | J55: -389644.67 | K55: =+J54+G55-H55 -> -389644.67
A56: 243267 | B56: รับ | C56: RVSP6601-016 | D56: กมลวรรณ์ อองเตรท์ 6TB-23010061 | E56: 6TB-23010061 | F56: กมลวรรณ์ อองเดรท์ | H56: 2800 | I56: =G56-H56 -> -2800 | J56: -392444.67 | K56: =+J55+G56-H56 -> -392444.67
A57: 243267 | B57: รับ | C57: RVSR6601-016 | D57: กฤษณ์ นาคสูงเนิน 3TB-22120280 | E57: 3TB-22120280 | F57: กฤษณ์ นาคสูงเนิน | G57: 7000 | I57: =G57-H57 -> 7000 | J57: -385444.67 | K57: =+J56+G57-H57 -> -385444.67
A58: 243268 | B58: รับ | C58: RVSH6601-016 | D58: ภูริวัจน์ ชัยศิริสุภานนท์ 5TB-23010021 | E58: 5TB-23010021 | F58: ภูริวัจน์ ชัยศิริสุภานนท์ | G58: 40956 | I58: =G58-H58 -> 40956 | J58: -344488.67 | K58: =+J57+G58-H58 -> -344488.67
A59: 243268 | B59: รับ | C59: RVSP6601-017 | D59: รัชนีวรรณ ดาวกลาง 6TB-22120123 | E59: 6TB-22120123 | F59: รัชนีวรรณ ดาวกลาง | G59: 5000 | I59: =G59-H59 -> 5000 | J59: -339488.67 | K59: =+J58+G59-H59 -> -339488.67
A60: 243268 | B60: รับ | C60: RVSR6601-018 | D60: บารเมษฐ์ ฉลองกลาง 3TB-22120342 | E60: 3TB-22120342 | F60: บารเมษฐ์ ฉลองกลาง | G60: 927.69 | I60: =G60-H60 -> 927.69 | J60: -338560.98 | K60: =+J59+G60-H60 -> -338560.98
A61: 243268 | B61: รับ | C61: RVSR6601-018 | D61: ปิยวัฒน์ อานันทคุณ 3TB-22120299 | E61: 3TB-22120299 | F61: ปิยวัฒน์ อานันทคุณ | G61: 2784.14 | I61: =G61-H61 -> 2784.14 | J61: -335776.84 | K61: =+J60+G61-H61 -> -335776.84
A62: 243269 | B62: รับ | C62: RVSH6601-018 | D62: เมพิชชา มีชัย 5TB-23010171 | E62: 5TB-23010171 | F62: เมพิชชา มีชัย | H62: 2033 | I62: =G62-H62 -> -2033 | J62: -337809.84 | K62: =+J61+G62-H62 -> -337809.84
A63: 243269 | B63: รับ | C63: RVSH6601-018 | D63: ฉกาจ เชื่อดี 5TB-23010179 | E63: 5TB-23010179 | F63: ฉกาจ เชื่อดี | H63: 16931 | I63: =G63-H63 -> -16931 | J63: -354740.84 | K63: =+J62+G63-H63 -> -354740.84
A64: 243269 | B64: รับ | C64: RVSH6601-018 | D64: แสนศักดิ์ เลียงภัย 5TB-23010180 | E64: 5TB-23010180 | F64: แสนศักดิ์ เลียงภัย | H64: 5882 | I64: =G64-H64 -> -5882 | J64: -360622.84 | K64: =+J63+G64-H64 -> -360622.84
A65: 243269 | B65: รับ | C65: RVSH6601-018 | D65: สมใจ ขอเหล็กกลาง 5TB-23010184 | E65: 5TB-23010184 | F65: สมใจ ขอเหล็กกลาง | H65: 347.75 | I65: =G65-H65 -> -347.75 | J65: -360970.59 | K65: =+J64+G65-H65 -> -360970.59
A66: 243270 | B66: รับ | C66: RVSH6601-021 | D66: องอาจ ผ่องใส 5TB-23010208 | E66: 5TB-23010208 | F66: องอาจ ผ่องใส | G66: 7300 | I66: =G66-H66 -> 7300 | J66: -353670.59 | K66: =+J65+G66-H66 -> -353670.59
A67: 243270 | B67: รับ | C67: RVSH6601-021 | D67: นันท์นภัทร เลิศสงคราม 5TB-23010125 | E67: 5TB-23010125 | F67: นันท์นภัทร เลิศสงคราม | G67: 943.74 | I67: =G67-H67 -> 943.74 | J67: -352726.85 | K67: =+J66+G67-H67 -> -352726.85
A68: 243270 | B68: รับ | C68: RVSH6601-021 | D68: องอาจ ผ่องใส 5TB-23010208 | E68: 5TB-23010208 | F68: องอาจ ผ่องใส | H68: 7300 | I68: =G68-H68 -> -7300 | J68: -360026.85 | K68: =+J67+G68-H68 -> -360026.85
A69: 243270 | B69: รับ | C69: RVSP6601-020 | D69: สาริสา เมตตาบุญปโภคิน 6TB-23010026 | E69: 6TB-23010026 | F69: สาริสา เมตตาบุญปโภคิน | G69: 500 | I69: =G69-H69 -> 500 | J69: -359526.85 | K69: =+J68+G69-H69 -> -359526.85
A70: 243270 | B70: รับ | C70: RVSR6601-019 | D70: คณิศร์ บรรลุสิน 3TB-22120242 | E70: 3TB-22120242 | F70: คณิศร์ บรรลุสิน | G70: 10050.51 | I70: =G70-H70 -> 10050.51 | J70: -349476.34 | K70: =+J69+G70-H70 -> -349476.34
A71: 243270 | B71: รับ | C71: RVSR6601-019 | D71: พันธมิตร ปราณีตพลกรัง 3TB-23010207 | E71: 3TB-23010207 | F71: พันธมิตร ปราณีตพลกรัง | H71: 235.4 | I71: =G71-H71 -> -235.4 | J71: -349711.74 | K71: =+J70+G71-H71 -> -349711.74
A72: 243271 | B72: รับ | C72: RVSH6601-020 | D72: มาโนช เกวียนสูงเนิน 5TB-23010210 | E72: 5TB-23010210 | F72: มาโนช เกวียนสูงเนิน | H72: 7500 | I72: =G72-H72 -> -7500 | J72: -357211.74 | K72: =+J71+G72-H72 -> -357211.74
A73: 243271 | B73: รับ | C73: RVSH6601-023 | D73: ศุภมิตร ทับกระโทก 5TB-23010124 | E73: 5TB-23010124 | F73: ศุภมิตร ทับกระโทก | G73: 5000 | I73: =G73-H73 -> 5000 | J73: -352211.74 | K73: =+J72+G73-H73 -> -352211.74
A74: 243271 | B74: รับ | C74: RVSH6601-023 | D74: ผ่องนภา สงวนสิน 5TB-23010220 | E74: 5TB-23010220 | F74: ผ่องนภา สงวนสิน | H74: 1374 | I74: =G74-H74 -> -1374 | J74: -353585.74 | K74: =+J73+G74-H74 -> -353585.74
A75: 243271 | B75: รับ | C75: RVSH6601-023 | D75: พัทธ์ธีรา อภัยสวัสดิ์ชัย 5TB-23010226 | E75: 5TB-23010226 | F75: พัทธ์ธีรา อภัยสวัสดิ์ชัย | H75: 26.75 | I75: =G75-H75 -> -26.75 | J75: -353612.49 | K75: =+J74+G75-H75 -> -353612.49
A76: 243271 | B76: รับ | C76: RVSR6601-020 | D76: อรุโณทัย ผลาพฤกษ์ 3TB-23010213 | E76: 3TB-23010213 | F76: อรุโณทัย ผลาพฤกษ์ | H76: 2091.85 | I76: =G76-H76 -> -2091.85 | J76: -355704.34 | K76: =+J75+G76-H76 -> -355704.34
A77: 243271 | B77: รับ | C77: RVSR6601-020 | D77: นันทพล พลกล้า 3TB-23010215 | E77: 3TB-23010215 | F77: นันทพล พลกล้า | H77: 22159.43 | I77: =G77-H77 -> -22159.43 | J77: -377863.77 | K77: =+J76+G77-H77 -> -377863.77
A78: 243271 | B78: รับ | C78: RVSR6601-021 | D78: สมิทธ์ ปรีชาญาณ 3TB-22100420 | E78: 3TB-22100420 | F78: สมิทธ์ ปรีชาญาณ | G78: 4201.09 | I78: =G78-H78 -> 4201.09 | J78: -373662.68 | K78: =+J77+G78-H78 -> -373662.68
A79: 243271 | B79: รับ | C79: RVSR6601-021 | D79: วชิราพร ปิ่นสุวรรณ 3TB-23010209 | E79: 3TB-23010209 | F79: วชิราพร ปิ่นสุวรรณ | H79: 3804.65 | I79: =G79-H79 -> -3804.65 | J79: -377467.33 | K79: =+J78+G79-H79 -> -377467.33
A80: 243271 | B80: รับ | C80: RVSR6601-021 | D80: บจ.อู่พีซีซี นครราชสีมา 23010217 | E80: 3TB-23010217 | F80: บจ.อู่พีซีซี นครราชสีมา 23010217 | H80: 659.66 | I80: =G80-H80 -> -659.66 | J80: -378126.99 | K80: =+J79+G80-H80 -> -378126.99
A81: 243272 | B81: รับ | C81: RVSH6601-025 | D81: ธรรมมงคล ลางคุนนท์ 5TB-23010127 | E81: 5TB-23010127 | F81: ธรรมมงคล ลางคุนนท์ | G81: 1789 | I81: =G81-H81 -> 1789 | J81: -376337.99 | K81: =+J80+G81-H81 -> -376337.99
A82: 243272 | B82: รับ | C82: RVSH6601-025 | D82: พงษ์เฉลย วัชรพิชัย 5TB-23010240 | E82: 5TB-23010240 | F82: พงษ์เฉลย วัชรพิชัย | H82: 6442.47 | I82: =G82-H82 -> -6442.47 | J82: -382780.46 | K82: =+J81+G82-H82 -> -382780.46
A83: 243272 | B83: รับ | C83: RVSH6601-025 | D83: พงษ์เฉลย วัชรพิชัย 5TB-23010243 | E83: 5TB-23010243 | F83: พงษ์เฉลย วัชรพิชัย | H83: 405 | I83: =G83-H83 -> -405 | J83: -383185.46 | K83: =+J82+G83-H83 -> -383185.46
A84: 243272 | B84: รับ | C84: RVSP6601-024 | D84: สาริสา เมตตาบุญปโภคิน 6TB-23010092 | E84: 6TB-23010092 | F84: สาริสา เมตตาบุญปโภคิน | H84: 7000 | I84: =G84-H84 -> -7000 | J84: -390185.46 | K84: =+J83+G84-H84 -> -390185.46
A85: 243272 | B85: รับ | C85: RVSP6601-024 | D85: ยุทธ ชุ่มทองหลาง 6TB-23010090 | E85: 6TB-23010090 | F85: ยุทธ ชุ่มทองหลาง | H85: 1200 | I85: =G85-H85 -> -1200 | J85: -391385.46 | K85: =+J84+G85-H85 -> -391385.46
A86: 243272 | B86: รับ | C86: RVSR6601-022 | D86: ประมวล ต้อมสูงเนิน 3TB-23010229 | E86: 3TB-23010229 | F86: ประมวล ต้อมสูงเนิน | H86: 1865.82 | I86: =G86-H86 -> -1865.82 | J86: -393251.28 | K86: =+J85+G86-H86 -> -393251.28
A87: 243272 | B87: รับ | C87: RVSR6601-022 | D87: ประมวล ต้อมสูงเนิน 3TB-23010230 | E87: 3TB-23010230 | F87: ประมวล ต้อมสูงเนิน | H87: 15753.08 | I87: =G87-H87 -> -15753.08 | J87: -409004.36 | K87: =+J86+G87-H87 -> -409004.36
A88: 243272 | B88: รับ | C88: RVSR6601-022 | D88: ธีรวัช ชมเมืองปัก 3TB-23010244 | E88: 3TB-23010244 | F88: ธีรวัช ชมเมืองปัก | H88: 518.95 | I88: =G88-H88 -> -518.95 | J88: -409523.31 | K88: =+J87+G88-H88 -> -409523.31
A89: 243272 | B89: รับ | C89: RVSR6601-023 | D89: วิทยา มณีกุล 3TB-23010228 | E89: 3TB-23010228 | F89: วิทยา มณีกุล | H89: 3700 | I89: =G89-H89 -> -3700 | J89: -413223.31 | K89: =+J88+G89-H89 -> -413223.31
A90: 243272 | B90: รับ | C90: RVSR6601-023 | D90: วโรดม แซ่ลิ่ม 3TB-23010234 | E90: 3TB-23010234 | F90: วโรดม แซ่ลิ่ม | H90: 160.5 | I90: =G90-H90 -> -160.5 | J90: -413383.81 | K90: =+J89+G90-H90 -> -413383.81
A91: 243272 | B91: รับ | C91: RVSR6601-023 | D91: ต้องตา ชนยุทธ 3TB-23010247 | E91: 3TB-23010247 | F91: ต้องตา ชนยุทธ | H91: 3651.91 | I91: =G91-H91 -> -3651.91 | J91: -417035.72 | K91: =+J90+G91-H91 -> -417035.72
A92: 243273 | B92: รับ | C92: RVSH6601-026 | D92: ฉกาจ เชื่อดี 5TB-23010179 | E92: 5TB-23010179 | F92: ฉกาจ เชื่อดี | G92: 16931 | I92: =G92-H92 -> 16931 | J92: -400104.72 | K92: =+J91+G92-H92 -> -400104.72
A93: 243273 | B93: รับ | C93: RVSP6601-025 | D93: เตชทัต สารานิยคุณ 6TB-23010102 | E93: 6TB-23010102 | F93: เตชทัต สารานิยคุณ | H93: 1572.9 | I93: =G93-H93 -> -1572.9 | J93: -401677.62 | K93: =+J92+G93-H93 -> -401677.62
A94: 243273 | B94: รับ | C94: RVSP6601-026 | D94: สมศักดิ์ หมื่นถาน 6TB-23010059 | E94: 6TB-23010059 | F94: สมศักดิ์ หมื่นถาน | G94: 1400 | I94: =G94-H94 -> 1400 | J94: -400277.62 | K94: =+J93+G94-H94 -> -400277.62
A95: 243273 | B95: รับ | C95: RVSR6601-024 | D95: พันธมิตร ปราณีตพลกรัง 3TB-23010207 | E95: 3TB-23010207 | F95: พันธมิตร ปราณีตพลกรัง | G95: 235.4 | I95: =G95-H95 -> 235.4 | J95: -400042.22 | K95: =+J94+G95-H95 -> -400042.22
A96: 243273 | B96: รับ | C96: RVSR6601-024 | D96: สันติชัย กฤษณะสุวรรณ 3TB-23010249 | E96: 3TB-23010249 | F96: สันติชัย กฤษณะสุวรรณ | H96: 1769.51 | I96: =G96-H96 -> -1769.51 | J96: -401811.73 | K96: =+J95+G96-H96 -> -401811.73
A97: 243274 | B97: รับ | C97: RVSH6601-028 | D97: เมพิชชา มีชัย 5TB-23010171 | E97: 5TB-23010171 | F97: เมพิชชา มีชัย | G97: 2033 | I97: =G97-H97 -> 2033 | J97: -399778.73 | K97: =+J96+G97-H97 -> -399778.73
A98: 243274 | B98: รับ | C98: RVSH6601-028 | D98: เพ็ญศิริ มวมขุนทด 5TB-23010262 | E98: 5TB-23010262 | F98: เพ็ญศิริ มวมขุนทด | H98: 2836.83 | I98: =G98-H98 -> -2836.83 | J98: -402615.56 | K98: =+J97+G98-H98 -> -402615.56
A99: 243274 | B99: รับ | C99: RVSP6601-027 | D99: หน่อย คำนอก 6TB-23010105 | E99: 6TB-23010105 | F99: หน่อย คำนอก | H99: 4000 | I99: =G99-H99 -> -4000 | J99: -406615.56 | K99: =+J98+G99-H99 -> -406615.56
A100: 243274 | B100: รับ | C100: RVSP6601-027 | D100: กมลวรรณ์ อองเดรท์ 6TB-23010061 | E100: 6TB-23010061 | F100: กมลวรรณ์ อองเดรท์ | G100: 2800 | I100: =G100-H100 -> 2800 | J100: -403815.56 | K100: =+J99+G100-H100 -> -403815.56
...

Sheet Sheet1
A1: นพคุณ สุขรักษาวงษ์ 3TB-23120404 | D1: =IF(ISNUMBER(LEFT(A1,1)*1),LEFT(A1,FIND(" ",A1)-1),RIGHT(A1,LEN(A1)-FIND("@",SUBSTITUTE(A1," ","@",LEN(A1)-LEN(SUBSTITUTE(A1," ","")))))) -> 3TB-23120404 | G1: =TRIM(SUBSTITUTE(A1, D1, "")) -> นพคุณ สุขรักษาวงษ์
A2: นพดล พึ่งเกาะ 5TB-23120247 | D2: =IF(ISNUMBER(LEFT(A2,1)*1),LEFT(A2,FIND(" ",A2)-1),RIGHT(A2,LEN(A2)-FIND("@",SUBSTITUTE(A2," ","@",LEN(A2)-LEN(SUBSTITUTE(A2," ","")))))) -> 5TB-23120247 | G2: =TRIM(SUBSTITUTE(A2, D2, "")) -> นพดล พึ่งเกาะ
A3: อจลญา พิกุลแก้ว 1TB-23110015 | D3: =IF(ISNUMBER(LEFT(A3,1)*1),LEFT(A3,FIND(" ",A3)-1),RIGHT(A3,LEN(A3)-FIND("@",SUBSTITUTE(A3," ","@",LEN(A3)-LEN(SUBSTITUTE(A3," ","")))))) -> 1TB-23110015 | G3: =TRIM(SUBSTITUTE(A3, D3, "")) -> อจลญา พิกุลแก้ว
A4: ไพโรจน์ ปาเกลือ 1TB-23120006 | D4: =IF(ISNUMBER(LEFT(A4,1)*1),LEFT(A4,FIND(" ",A4)-1),RIGHT(A4,LEN(A4)-FIND("@",SUBSTITUTE(A4," ","@",LEN(A4)-LEN(SUBSTITUTE(A4," ","")))))) -> 1TB-23120006 | G4: =TRIM(SUBSTITUTE(A4, D4, "")) -> ไพโรจน์ ปาเกลือ
A5: มนตรี ศรีเพ็ชร์ 1TB-24010003 | D5: =IF(ISNUMBER(LEFT(A5,1)*1),LEFT(A5,FIND(" ",A5)-1),RIGHT(A5,LEN(A5)-FIND("@",SUBSTITUTE(A5," ","@",LEN(A5)-LEN(SUBSTITUTE(A5," ","")))))) -> 1TB-24010003 | G5: =TRIM(SUBSTITUTE(A5, D5, "")) -> มนตรี ศรีเพ็ชร์
A6: บจ.เค.พี.เจนเนอเรชั่น กรุ๊ป 1TB-24010004 | D6: =IF(ISNUMBER(LEFT(A6,1)*1),LEFT(A6,FIND(" ",A6)-1),RIGHT(A6,LEN(A6)-FIND("@",SUBSTITUTE(A6," ","@",LEN(A6)-LEN(SUBSTITUTE(A6," ","")))))) -> 1TB-24010004 | G6: =TRIM(SUBSTITUTE(A6, D6, "")) -> บจ.เค.พี.เจนเนอเรชั่น กรุ๊ป
A7: ณัฎรดา ทวดอาจ NTB-23110001 | D7: =IF(ISNUMBER(LEFT(A7,1)*1),LEFT(A7,FIND(" ",A7)-1),RIGHT(A7,LEN(A7)-FIND("@",SUBSTITUTE(A7," ","@",LEN(A7)-LEN(SUBSTITUTE(A7," ","")))))) -> NTB-23110001 | G7: =TRIM(SUBSTITUTE(A7, D7, "")) -> ณัฎรดา ทวดอาจ
A8: กฤตติกา จงเจริญ NTB-24010001 | D8: =IF(ISNUMBER(LEFT(A8,1)*1),LEFT(A8,FIND(" ",A8)-1),RIGHT(A8,LEN(A8)-FIND("@",SUBSTITUTE(A8," ","@",LEN(A8)-LEN(SUBSTITUTE(A8," ","")))))) -> NTB-24010001 | G8: =TRIM(SUBSTITUTE(A8, D8, "")) -> กฤตติกา จงเจริญ
A9: นงลักษณ์ อุทัย 6TB-24010006 | D9: =IF(ISNUMBER(LEFT(A9,1)*1),LEFT(A9,FIND(" ",A9)-1),RIGHT(A9,LEN(A9)-FIND("@",SUBSTITUTE(A9," ","@",LEN(A9)-LEN(SUBSTITUTE(A9," ","")))))) -> 6TB-24010006 | G9: =TRIM(SUBSTITUTE(A9, D9, "")) -> นงลักษณ์ อุทัย
A10: บดินทร์ ยางราชย์ 3TB-24010001 | D10: =IF(ISNUMBER(LEFT(A10,1)*1),LEFT(A10,FIND(" ",A10)-1),RIGHT(A10,LEN(A10)-FIND("@",SUBSTITUTE(A10," ","@",LEN(A10)-LEN(SUBSTITUTE(A10," ","")))))) -> 3TB-24010001 | G10: =TRIM(SUBSTITUTE(A10, D10, "")) -> บดินทร์ ยางราชย์
A11: ณัฐวุฒิ โอสระคู 3TB-24010009 | D11: =IF(ISNUMBER(LEFT(A11,1)*1),LEFT(A11,FIND(" ",A11)-1),RIGHT(A11,LEN(A11)-FIND("@",SUBSTITUTE(A11," ","@",LEN(A11)-LEN(SUBSTITUTE(A11," ","")))))) -> 3TB-24010009 | G11: =TRIM(SUBSTITUTE(A11, D11, "")) -> ณัฐวุฒิ โอสระคู
A12: ดอน วัสขุนทด 5TB-231202160 | D12: =IF(ISNUMBER(LEFT(A12,1)*1),LEFT(A12,FIND(" ",A12)-1),RIGHT(A12,LEN(A12)-FIND("@",SUBSTITUTE(A12," ","@",LEN(A12)-LEN(SUBSTITUTE(A12," ","")))))) -> 5TB-231202160 | G12: =TRIM(SUBSTITUTE(A12, D12, "")) -> ดอน วัสขุนทด
... A2694: กฤษณนันท์ นันจรูญ 3TV-24120026 | D2694: =IF(ISNUMBER(LEFT(A2694,1)*1),LEFT(A2694,FIND(" ",A2694)-1),RIGHT(A2694,LEN(A2694)-FIND("@",SUBSTITUTE(A2694," ","@",LEN(A2694)-LEN(SUBSTITUTE(A2694," ","")))))) -> 3TV-24120026 | G2694: =TRIM(SUBSTITUTE(A2694, D2694, "")) -> กฤษณนันท์ นันจรูญ
G2695: =TRIM(SUBSTITUTE(A2695, D2695, ""))
A2698: 1

Sheet หมายเหตุ
A1: อิสรีย์ พวงสุดรักษ์ | B1: 358.45 | C1: มีคืนไม่มีรับ
A3: โอยยิ้น แซ่โต๋ว | B3: 7366.95 | C3: รับปี 66

Sheet 5411156633 (2)
B1: บริษัท เอกสหกรุ๊ป ออโตโมบิล จำกัด หน้า : 1
B2: รายงานแยกประเภททั่วไป
B3: วันที่จาก | C3: 1 ม.ค. 2567 | D3: ถึง | E3: 31 ธ.ค. 2567 วันที่ : 26/03/2568
B4: เลขที่บัญชี | C4: 2205-04-00 | D4: ถึง | E4: 2205-04-00 เลือกแผนก *
B5: วันที่ | C5: สมุด | D5: ใบสำคัญ | E5: คำอธิบาย | G5: เดบิต | H5: เครดิต | I5: สถานะ | J5: ยอดคงเหลือ
B6: 2205-04-00 | D6: เงินรับมัดจำ-ค่าอะไหล่และบริการ | J6: -418078.64
B7: 243619 | C7: รับ | D7: RVSR6701-001 | E7: นพคุณ สุขรักษาวงษ์ 3TB-23120404 | H7: 13000 | J7: -431078.64
B8: 243621 | C8: รับ | D8: RVSH6701-002 | E8: นพดล พึ่งเกาะ 5TB-23120247 | G8: 975 | J8: -430103.64
B9: 243621 | C9: รับ | D9: RVSS6701-001 | E9: อจลญา พิกุลแก้ว 1TB-23110015 | G9: 6700 | J9: -423403.64
B10: 243621 | C10: รับ | D10: RVSS6701-001 | E10: ไพโรจน์ ปาเกลือ 1TB-23120006 | G10: 3000 | J10: -420403.64
B11: 243621 | C11: รับ | D11: RVSS6701-001 | E11: มนตรี ศรีเพ็ชร์ 1TB-24010003 | H11: 5000 | J11: -425403.64
B12: 243621 | C12: รับ | D12: RVSS6701-001 | E12: บจ.เค.พี.เจนเนอเรชั่น กรุ๊ป 1TB-24010004 | H12: 2000 | J12: -427403.64
B13: 243622 | C13: รับ | D13: RVSN6701-001 | E13: ณัฎรดา ทวดอาจ NTB-23110001 | G13: 2500 | J13: -424903.64
B14: 243622 | C14: รับ | D14: RVSN6701-001 | E14: กฤตติกา จงเจริญ NTB-24010001 | H14: 3000 | J14: -427903.64
B15: 243622 | C15: รับ | D15: RVSP6701-003 | E15: นงลักษณ์ อุทัย 6TB-24010006 | H15: 20000 | J15: -447903.64
B16: 243622 | C16: รับ | D16: RVSR6701-003 | E16: บดินทร์ ยางราชย์ 3TB-24010001 | H16: 224.7 | J16: -448128.34
B17: 243622 | C17: รับ | D17: RVSR6701-003 | E17: ณัฐวุฒิ โอสระคู 3TB-24010009 | H17: 652.7 | J17: -448781.04
B18: 243623 | C18: รับ | D18: RVSH6701-003 | E18: ดอน วัสขุนทด 5TB-231202160 | G18: 1304.06 | J18: -447476.98
B19: 243623 | C19: รับ | D19: RVSH6701-003 | E19: ฐานุตรี หนูกระโทก 5TB-24010001 | H19: 3860.03 | J19: -451337.01
B20: 243623 | C20: รับ | D20: RVSH6701-004 | E20: มานิต ก่ำพิมาย 5TB-23120272 | G20: 6663.75 | J20: -444673.26
B21: 243623 | C21: รับ | D21: RVSH6701-004 | E21: สมศักดิ์ น้อยแสง 5TB-24010020 | H21: 7687.95 | J21: -452361.21
B22: 243623 | C22: รับ | D22: RVSH6701-004 | E22: กุหลาบ ช่วยพิมาย 5TB-24010038 | H22: 11688.68 | J22: -464049.89
B23: 243623 | C23: รับ | D23: RVSP6701-004 | E23: เสกสิทธิ์ สมม่วง 6TB-24010009 | H23: 1800 | J23: -465849.89
B24: 243623 | C24: รับ | D24: RVSR6701-004 | E24: ประภาพรรณ เนาวเพ็ชร์ 3TB-23120392 | G24: 973.7 | J24: -464876.19
B25: 243624 | C25: รับ | D25: RVSH6701-005 | E25: วิฑูรย์ ทองทา 5TB-24010052 | G25: 326 | J25: -464550.19
B26: 243624 | C26: รับ | D26: RVSH6701-005 | E26: กุหลาบ ช่วยพิมาย 5TB-24010038 | G26: 11688.68 | J26: -452861.51
B27: 243624 | C27: รับ | D27: RVSH6701-005 | E27: วิฑูรย์ ทองทา 5TB-24010053 | H27: 326.35 | J27: -453187.86
B28: 243624 | C28: รับ | D28: RVSH6701-005 | E28: วิฑูรย์ ทองทา 5TB-24010052 | H28: 326 | J28: -453513.86
B29: 243624 | C29: รับ | D29: RVSR6701-005 | E29: หจก.วีระพลออโต้เซอร์วิส 3TB-24010027 | H29: 4700 | J29: -458213.86
B30: 243624 | C30: รับ | D30: RVSR6701-005 | E30: อดิศักดิ์ แสงนาค 3TB-24010037 | H30: 4400 | J30: -462613.86
B31: 243624 | C31: รับ | D31: RVSR6701-005 | E31: จักรกฤษณ์ กิจสมชีพ 3TB-24010038 | H31: 492.2 | J31: -463106.06
B32: 243624 | C32: รับ | D32: RVSR6701-005 | E32: อินทิชา บุญชิต 3TB-24010041 | H32: 144.45 | J32: -463250.51
B33: 243624 | C33: รับ | D33: RVSR6701-006 | E33: บดินทร์ ยางราชย์ 3TB-24010001 | G33: 224.7 | J33: -463025.81
B34: 243625 | C34: รับ | D34: RVSH6701-006 | E34: ชิดชัย ประจิตร 5TB-23120273 | G34: 1885 | J34: -461140.81
B35: 243625 | C35: รับ | D35: RVSH6701-006 | E35: ชิดชัย ประจิตร 5TB-23120275 | G35: 1890 | J35: -459250.81
B36: 243625 | C36: รับ | D36: RVSP6701-006 | E36: อาคม เกิดในแก้ว 6TB-24010028 | H36: 1872.5 | J36: -461123.31
B37: 243625 | C37: รับ | D37: RVSR6701-007 | E37: รัตนาภรณ์ รัตนเพช 3TB-23120411 | G37: 3000 | J37: -458123.31
B38: 243627 | C38: รับ | D38: RVSH6701-007 | E38: ประชา มุ่งยอดกลาง 5TB-23110348 | G38: 347.75 | J38: -457775.56
B39: 243627 | C39: รับ | D39: RVSH6701-007 | E39: ฐานุตรี หนุกระโทก 5TB-24010007 | G39: 3860.03 | J39: -453915.53
B40: 243627 | C40: รับ | D40: RVSH6701-007 | E40: ธนาเทพ ศรียางนอก (ร้านเทพทอง) 5TB-24010082 | H40: 3222 | J40: -457137.53
B41: 243627 | C41: รับ | D41: RVSH6701-007 | E41: เศรษฐวฒน์ แย้มทะเล 5TB-24010078 | H41: 5770 | J41: -462907.53
B42: 243627 | C42: รับ | D42: RVSH6701-007 | E42: เกียรติศักดิ์ รัตนะวงศะวัต 5TB-24010077 | H42: 321 | J42: -463228.53
B43: 243627 | C43: รับ | D43: RVSR6701-008 | E43: หจก.วีระพลออโต้เซอร์วิส 3TB-24010027 | G43: 4700 | J43: -458528.53
B44: 243627 | C44: รับ | D44: RVSR6701-008 | E44: สุเทพ ไกรกลาง 3TB-24010111 | H44: 13524.8 | J44: -472053.33
B45: 243627 | C45: รับ | D45: RVSR6701-008 | E45: พิสมร แก้วสำราญ 3TB-24010119 | H45: 9000 | J45: -481053.33
B46: 243627 | C46: รับ | D46: RVSR6701-008 | E46: นันทชัย ฉ่ำบุญทา 3TB-24010123 | H46: 5530.83 | J46: -486584.16
B47: 243627 | C47: รับ | D47: RVSR6701-008 | E47: วัลภา พัวพันธ์ 3TB-24010126 | H47: 2958.02 | J47: -489542.18
B48: 243627 | C48: รับ | D48: RVSR6701-008 | E48: กาญจนา ใจทหาร 3TB-24010128 | H48: 2352.4 | J48: -491894.58
B49: 243627 | C49: รับ | D49: RVSR6701-009 | E49: วราภรณ์ วันสุดล 3TB-23120335 | G49: 2660.29 | J49: -489234.29
B50: 243627 | C50: รับ | D50: RVSR6701-009 | E50: สุชาติ สุริยคณารัตน์ 3TB-24010114 | H50: 1967.2 | J50: -491201.49
B51: 243628 | C51: รับ | D51: RVSH6701-008 | E51: ปวริศา หวังอุ้มกลาง 5TB-24010098 | H51: 1139.55 | J51: -492341.04
B52: 243628 | C52: รับ | D52: RVSP6701-007 | E52: เสกสิทธิ์ สมม่วง 6TB-24010009 | G52: 1800 | J52: -490541.04
B53: 243628 | C53: รับ | D53: RVSR6701-010 | E53: ประภัสสร สิงห์อังกุระ 3TB-24010132 | H53: 449.4 | J53: -490990.44
B54: 243628 | C54: รับ | D54: RVSR6701-010 | E54: ฉวีวรรณ เคยพุดซา 3TB-24010148 | H54: 3135.1 | J54: -494125.54
B55: 243628 | C55: รับ | D55: RVSR6701-011 | E55: โอยยิ้น แซ่โต๋ว 3TB-23120338 | G55: 7366.95 | J55: -486758.59
B56: 243628 | C56: รับ | D56: RVSR6701-011 | E56: ชำนาญ โพธิรัชน์ 3TB-23120398 | G56: 96.3 | J56: -486662.29
B57: 243628 | C57: รับ | D57: RVSR6701-011 | E57: บจ.สูงเนินรวมรถ 3TB-23120396 | G57: 1093.01 | J57: -485569.28
B58: 243629 | C58: รับ | D58: RVSH6701-009 | E58: วิฑูรย์ ทองทา 5TB-24010053 | G58: 326.35 | J58: -485242.93
B59: 243629 | C59: รับ | D59: RVSH6701-009 | E59: พิชัย นวฤทธิศวิน 5TB-24010105 | H59: 1083.38 | J59: -486326.31
B60: 243629 | C60: รับ | D60: RVSP6701-008 | E60: จานุดา เกษมรัชดากรฑ์ 6TB-24010048 | H60: 1600 | J60: -487926.31
B61: 243629 | C61: รับ | D61: RVSR6701-012 | E61: เจตรบุตร บุตรมั่น 3TB-24010155 | H61: 1700 | J61: -489626.31
B62: 243629 | C62: รับ | D62: RVSR6701-012 | E62: ชัยสิทธิ์ ตนประเสริฐ 3TB-24010165 | H62: 6700 | J62: -496326.31
B63: 243629 | C63: รับ | D63: RVSR6701-012 | E63: พัฒน์ โพธิ์ทองคำ 3TB-24010166 | H63: 2600.1 | J63: -498926.41
B64: 243629 | C64: รับ | D64: RVSR6701-012 | E64: วิมล อิสริยะวิญญ 3TB-24010172 | H64: 17325 | J64: -516251.41
B65: 243629 | C65: รับ | D65: RVSR6701-013 | E65: อดิศักดิ์ แสงนาค 3TB-24010037 | G65: 4400 | J65: -511851.41
B66: 243629 | C66: รับ | D66: RVSR6701-013 | E66: นพคุณ สุขรักษาวงษ์ 3TB-23120404 | G66: 13000 | J66: -498851.41
B67: 243629 | C67: รับ | D67: RVSR6701-013 | E67: สุชาติ สุริยคณารัตน์ 3TB-24010114 | G67: 1967.2 | J67: -496884.21
B68: 243629 | C68: รับ | D68: RVSR6701-013 | E68: นันทชัย ฉ่ำบุญทา 3TB-24010123 | G68: 5530.83 | J68: -491353.38
B69: 243629 | C69: รับ | D69: RVSR6701-013 | E69: วัลภา พัวพันธ์ 3TB-24010126 | G69: 2958.02 | J69: -488395.36
B70: 243629 | C70: รับ | D70: RVSR6701-013 | E70: กาญจนา ใจทหาร 3TB-24010128 | G70: 2352.4 | J70: -486042.96
B71: 243629 | C71: รับ | D71: RVSR6701-013 | E71: บรรทัด ถ้ำกลาง 3TB-24010161 | H71: 1500 | J71: -487542.96
B72: 243630 | C72: รับ | D72: RVSH6701-010 | E72: ธนาเทพ ศรียางนอก (ร้านเทพทอง) 5TB-24010082 | G72: 3222 | J72: -484320.96
B73: 243630 | C73: รับ | D73: RVSH6701-010 | E73: กนกวรรณ ชัยเครือ 5TB-24010135 | H73: 6403.95 | J73: -490724.91
B74: 243630 | C74: รับ | D74: RVSR6701-014 | E74: วิภา ตั้งจาตุรโสภณ 3TB-24010180 | H74: 1392.34 | J74: -492117.25
B75: 243630 | C75: รับ | D75: RVSR6701-014 | E75: บจ.สีคิ้วรวมรถคาร์เซ็นเตอร์ 3TB-24010181 | H75: 2400 | J75: -494517.25
B76: 243630 | C76: รับ | D76: RVSR6701-014 | E76: ประเสริฐ ทัดษนนท์ 3TB-24010185 | H76: 14862.3 | J76: -509379.55
B77: 243630 | C77: รับ | D77: RVSR6701-015 | E77: ทักษิณ ประเสริฐผล 3TB-23120412 | G77: 1917.98 | J77: -507461.57
B78: 243631 | C78: รับ | D78: RVSH6701-011 | E78: ปวริศา หวังอุ้มกลาง 5TB-24010098 | G78: 1139.55 | J78: -506322.02
B79: 243631 | C79: รับ | D79: RVSH6701-011 | E79: เค็น ไค 5TB-24010151 | H79: 1968.8 | J79: -508290.82
B80: 243631 | C80: รับ | D80: RVSR6701-016 | E80: เสนีย์ สุขสาลี 3TB-24010189 | H80: 1035.23 | J80: -509326.05
B81: 243631 | C81: รับ | D81: RVSR6701-016 | E81: บจ.สูงเนินรวมรถ 3TB-24010197 | H81: 1171.08 | J81: -510497.13
B82: 243631 | C82: รับ | D82: RVSR6701-016 | E82: สงกรานต์ ประจันตะเสน 3TB-24010204 | H82: 1900 | J82: -512397.13
B83: 243631 | C83: รับ | D83: RVSR6701-016 | E83: วรรณศิกา ทิมพรหมราช 3TB-24010205 | H83: 96.3 | J83: -512493.43
B84: 243631 | C84: รับ | D84: RVSR6701-016 | E84: บุญช่วย สิงห์โตทอง 3TB-24010210 | H84: 2981.29 | J84: -515474.72
B85: 243631 | C85: รับ | D85: RVSR6701-017 | E85: บจ.สีคิ้วรวมรถคาร์เซ็นเตอร์ 3TB-24010181 | G85: 2400 | J85: -513074.72
B86: 243631 | C86: รับ | D86: RVSR6701-017 | E86: สุเทพ ไกรกลาง 3TB-24010111 | G86: 13524.8 | J86: -499549.92
B87: 243632 | C87: รับ | D87: RVSH6701-012 | E87: ชูศักดิ์ พัดทะเล 5TB-23120308 | G87: 727.6 | J87: -498822.32
B88: 243632 | C88: รับ | D88: RVSH6701-012 | E88: เกียรติศักดิ์ รัตนะวงศะวัต 5TB-24010077 | G88: 321 | J88: -498501.32
B89: 243632 | C89: รับ | D89: RVSH6701-012 | E89: ธงชัย พงศ์ธนวัต 5TB-24010154 | H89: 1484.53 | J89: -499985.85
B90: 243632 | C90: รับ | D90: RVSH6701-012 | E90: ธนาภรณ์ มากชุมแสง 5TB-24010165 | H90: 1432 | J90: -501417.85
B91: 243632 | C91: รับ | D91: RVSP6701-011 | E91: จตุพร คมขำ 6TB-24010059 | H91: 2220 | J91: -503637.85
B92: 243632 | C92: รับ | D92: RVSR6701-018 | E92: เตือนใจ ร่มพุดตาล 3TB-24010216 | H92: 192.6 | J92: -503830.45
B93: 243633 | C93: รับ | D93: RVSS6701-010 | E93: อภิวัฒน์ ขจีฟ้า 1TB-24010023 | G93: 4429.8 | J93: -499400.65
B94: 243633 | C94: รับ | D94: RVSS6701-010 | E94: อภิวัฒน์ ขจีฟ้า 1TB-24010023 | H94: 4429.8 | J94: -503830.45
B95: 243633 | C95: รับ | D95: RVSS6701-010 | E95: อภิวัฒน์ ขจีฟ้า 1TB-24010024 | H95: 2214.9 | J95: -506045.35
B96: 243634 | C96: รับ | D96: RVSH6701-013 | E96: พิชัย นวฤทธิ์ศวิน 5TB-24010105 | G96: 1083.38 | J96: -504961.97
B97: 243634 | C97: รับ | D97: RVSP6701-012 | E97: ทรงจำ สุดโต 6TB-24010063 | H97: 9700 | J97: -514661.97
B98: 243634 | C98: รับ | D98: RVSP6701-012 | E98: ชาณิศา กาญจนวัฒนา 6TB-24010067 | H98: 7725.4 | J98: -522387.37
B99: 243634 | C99: รับ | D99: RVSR6701-020 | E99: อู่คูณทวีการช่าง 3TB-24010240 | H99: 6462.8 | J99: -528850.17
B100: 243634 | C100: รับ | D100: RVSR6701-021 | E100: อินทิชา บุญชิต 3TB-24010041 | G100: 144.45 | J100: -528705.72
...
